"ID","NAME","NUMBER OF ITEMS","delete","mother tag","הערות חופשיות"
25,"מיסוי",400,,,
38,"בריאות",391,,,
95,"כנסת",356,,,"רחב מאד, צריך לעשות סדר ידנית"
30,"תקשורת",323,,,
80,"חינוך",319,,,
72,"ביטוח לאומי",309,,,
44,"זכויות אדם",284,,,
57,"שלטון מקומי",278,,,
59,"תחבורה",270,,,
54,"בטחון פנים",268,,,
66,"איכות הסביבה",267,,,
42,"שיפוט ועריכת דין",250,,"מערכת המשפט",
73,"חברה",248,,,
24,"כלכלה",247,,,
56,"תכנון ובניה",239,,,
47,"דיני עבודה",218,,"תעסוקה",
106,"צבא",206,,,
27,"תקציב המדינה",197,,,
102,"קטינים ונוער",196,,,
46,"פלילים",192,,,
76,"אנשים עם מוגבלות",188,1,"בעלי מוגבלויות",
78,"בטחון",178,,,
88,"דת ומדינה",177,,,
1081,"דיור",175,,,
77,"מדיניות חוץ",167,,,
50,"הגנת הצרכן",163,,,
2875,"בטיחות ילדים",159,,,
96,"בחירות",153,,,
63,"בטיחות בדרכים",146,,,
92,"המגזר הערבי",144,,,
28,"ביטוח ופנסיה",138,,,
60,"תחבורה ציבורית",135,,"תחבורה",
81,"השכלה גבוהה",132,,"חינוך",
45,"משפחה",127,,,
1937,"תחרותיות במשק",126,,,
41,"ביטוח בריאות ממלכתי",122,,,
82,"חינוך יסודי ועל יסודי",115,,"חינוך",
97,"פריפריה",115,,,
26,"שוק ההון",112,,"כלכלה",
2834,"בטיחות",111,,,
75,"עובדים זרים",111,,,
896,"בתי סוהר",110,,,
67,"זיהום",108,,"איכות הסביבה",
36,"אנרגיה",107,,,
71,"רווחה",103,,,
846,"חוק ההסדרים",102,,,
104,"ירושלים",102,,,
271,"מעמד האישה",101,1,"נשים",
103,"יהודה ושומרון",97,,,
2170,"אי שוויון",94,1,"אי שוויון/שוויון",
142,"משטרה",92,,"בטחון פנים",
55,"מקרקעין",91,,,
93,"מיעוטים",89,,,
1226,"רשויות מקומיות",88,,,
29,"בנקים",86,1,"בנקאות",
94,"ממשל",85,,,
580,"שקיפות מידע",83,1,"שירות לאזרח",
751,"קשישים",82,1,"אזרחים ותיקים",
34,"תעסוקה",81,,,
898,"הגירה וגבולות",79,,,
64,"דיור ציבורי",78,,"דיור",
691,"ריכוזיות",76,,,
37,"מים ותשתיות ביוב",75,,,
2442,"הזכות לשוויון בפני החוק",74,,"אי שוויון/שוויון",
100,"מורשת",72,,,
87,"עליה וקליטה ותפוצות",70,1,"עליה, קליטה ותפוצות",
69,"טבע ונוף",68,,,
239,"תשתיות",68,,,
43,"בתי דין רבניים",67,,"מערכת המשפט",
670,"אכיפה",66,,,
70,"בעלי חיים",66,,,
372,"חופש ביטוי",66,,,
750,"אזרחים ותיקים",65,,,
98,"מגדר",64,,,
2223,"שוויון",61,,"אי שוויון/שוויון",
887,"עבירות מין",60,,"פלילים",
99,"תרבות",59,,,
1225,"עבודה",58,1,"תעסוקה",
48,"דיני חברות",55,,,
273,"נשים",55,,,
2323,"הגדרות חקיקה",54,1,"חקיקה",
89,"אזרחות",53,,,
40,"קופות ובתי החולים",53,,"בריאות",
1883,"השירות הציבורי",52,,,
74,"יחסי עובד מעביד",52,,,
1927,"פרטיות",52,,,
1375,"אלימות",51,,,
1858,"חוק יסוד",51,1,,
85,"ספורט",50,,,
173,"הסברה",49,,,
146,"זכויות אזרח",48,,,
79,"חקלאות",48,,,
820,"מילואים",48,,"צבא",
484,"דמוקרטיה",47,,,
2477,"הזכות לקיום בכבוד",47,1,,"רחב ואקראי"
31,"רשות השידור",47,1,,
1848,"מידע לאזרחים",46,1,"שירות לאזרח",
915,"משאבי טבע",46,,,
2208,"נישואין וגירושין",46,,,
105,"אינטרנט",45,,,
1875,"ניצולי שואה",45,,,
2664,"נכות/נכים",45,,"בעלי מוגבלויות",
83,"גני ילדים ומעונות",43,,,
1109,"זכויות עובדים",43,,,
2319,"מנהל תקין",42,,,
1802,"משרד הבריאות",42,,,
487,"ראש הממשלה",42,,,
707,"גזענות",41,,,
2316,"הורים",41,,"משפחה",
32,"השקעות הון",41,,,
939,"מבקר המדינה",41,,,
1764,"משרד החינוך",41,,,
35,"עסקים קטנים ובינוניים",40,,,
1859,"רשויות השלטון",40,,,
2250,"ועדת טרכטנברג",39,,,
107,"מלחמה באלימות",39,,"אלימות",
1849,"פרסום ושיווק",39,,,
2035,"אלימות במשפחה",38,,"אלימות",
454,"אלכוהול",38,,,
445,"סטודנטים",38,,,
2391,"תאונות דרכים",38,1,"בטיחות בדרכים",
704,"הפרטה",37,,,
813,"פליטים",37,,"הגירה וגבולות",
723,"שחיתות",37,1,,"מבולגן, כולל דברים לא רלונטיים, שווה לשקול שינוי שם"
1067,"אופניים",36,,"תחבורה",
716,"פיצויים",34,1,"פיצויים",
1455,"בנקאות",33,,,
680,"גמלאים",33,1,"אזרחים ותיקים",
101,"התמודדות עם אסונות",33,1,"מלחמה וחירום",
1723,"סרטן",33,,"בריאות",
2746,"פטור",33,,,
720,"צרכנות",33,,,
2767,"שירות לאזרח",33,,,
509,"הבטחת הכנסה",32,,"ביטוח לאומי",
1629,"עמותות",32,,,
711,"פנסיה",32,,"ביטוח ופנסיה",
2209,"שירות אזרחי",32,,,
2129,"ביטוח",31,,,
2445,"הזכות לבריאות",31,,"בריאות",
51,"מזון ורשתות שיווק",31,1,"מזון",
65,"משכנתאות ומענקים",31,,,
1842,"סיעוד",31,,,
1839,"פיקוח מחירים",31,1,,
53,"תיירות",31,,,
629,"אוטובוסים",30,,"תחבורה ציבורית",
2873,"מוסדות חינוך",30,,"חינוך",
345,"מערכת המשפט",30,,,
539,"עובדי קבלן",30,,"זכויות עובדים",
743,"ועדת הכלכלה",29,,,
113,"מהגרי עבודה",29,,"הגירה וגבולות",
2248,"בריאות הנפש",28,,"בריאות",
201,"טרור",28,,,
3000,"אי שוויון/שוויון",27,,,
1838,"סיגריות ואלכוהול",27,1,,
2127,"תכנון עירוני",27,,,
2500,"הזכות לדיור",26,1,"דיור",
1461,"חוק העונשין",26,1,"עונשין",
853,"שקיפות",26,,,"מאגרי מידע, שקיפות מידע"
2090,"בית המשפט העליון",25,,"מערכת המשפט",
49,"דיני מכרזים",25,1,"מכרזים",
2671,"הזכות לחיים ולביטחון",25,1,"ביטחון",
923,"חיילים משוחררים",25,,,
1850,"נוער",25,1,"קטינים ונוער",
1836,"קצבאות",25,,,
2171,"הריון ולידה",24,,"נשים",
61,"תעופה",24,,"תחבורה",
2297,"הדרת נשים",23,,"נשים",
121,"התנחלויות",23,,"יהודה ושומרון",
432,"משרד האוצר",23,,,
2244,"סמים",23,,,
2390,"פערים חברתיים",23,1,,
2869,"בקרה",22,1,,
2450,"יוקר מחייה",22,1,,
2715,"מוצרי יסוד",22,,"פיקוח מחירים",
2769,"מינהל מקרקעי ישראל",22,,"מקרקעין",
573,"רגולציה",22,1,,
2430,"הוצאה לפועל",21,,,
160,"חרם",21,,,
1966,"שירותי דת",21,1,"דת ומדינה",
1945,"תאגידים",21,,,
2641,"הגיל הרך",20,,"משפחה",
2644,"הטבות מס",20,,"מיסוי",
3216,"זכויות הילד/ה",20,1,"זכויות הילד",
2446,"חופש ההתאגדות",20,,"התאגדות",
1357,"רכבת",20,,"תחבורה ציבורית",
1115,"שכר",20,,,
68,"תוכניות מתאר",20,1,"תכנון ובנייה",
1429,"אגרה",19,1,,
350,"דלק",19,,"אנרגיה",
52,"הסכמי התקשרות",19,1,"הגנת הצרכן",
2650,"חירות הפרט",19,1,,
212,"מים",19,,"תשתיות",
416,"ציונות",19,1,,
58,"רישוי עסקים",19,1,,
2125,"אנרגיה מתחדשת",18,1,"אנרגיה",
2571,"חוק התכנון והבנייה",18,1,"תכנון ובנייה",
586,"נטייה מינית",18,,"גאים/גאות","יש להחליף ל-להט""ב"
2881,"נפגעי עבירה",18,1,"נזיקין",
540,"עוני",18,1,,
615,"ערבים",18,1,"המגזר הערבי",
2498,"אוכלוסין",17,,1,
2531,"בתי דין רבני",17,,"מערכת המשפט",
2471,"זכות הקניין",17,1,,
2529,"מכסים והיטלים",17,1,"מיסוי",
2058,"תוכנית ההתנתקות",17,1,"התנחלויות",
1491,"תעשייה",17,,"כלכלה",
403,"איראן",16,1,"מדיניות חוץ",
1623,"הזכות לפרטיות",16,1,"פרטיות",
1568,"הנצחה",16,1,,"לתייג בתגית הרלוונטית לאירוע (שואה, מערכות ישראל וכו')"
2448,"חופש דת",16,,"דת ומדינה",
84,"מדע",16,,,
1600,"אקדמיה",15,1,"השכלה גבוהה",
2278,"הגבלים עסקיים",15,,,
2402,"הרשות השופטת",15,1,"מערכת המשפט",
1213,"חופי ים",15,,"איכות סביבה",
2220,"חופש העיסוק",15,,"תעסוקה",
3234,"ילדים ובני נוער",15,1,"קטינים ונוער",
2788,"מאגרי מידע",15,,,
2897,"מגזר שלישי",15,,"עמותות",
1929,"מערכות מידע",15,1,"מאגרי מידע",
236,"נגב",15,,,
2222,"עוולות ופיצויים",15,1,"פיצויים",
1852,"צפון הארץ",15,1,"צפון",
1559,"קבורה",15,,,
2126,"קיימות",15,,"איכות סביבה",
2643,"קנסות",15,,"עונשין",
1426,"רפואה",15,1,"בריאות",
2853,"גאים גאות",14,1,"להט""ב","להחליף שם ל-להט""ב"
2392,"גביית חובות",14,1,,
2532,"דיני משפחה",14,1,"משפחה",
2870,"הסעות",14,1,"תחבורה ציבורית",
2453,"חוק טל",14,,"דת ומדינה",
1535,"יהדות",14,,"דת ומדינה",
2401,"כרטיסי חיוב",14,1,"הגנת הצרכן",
1127,"מוסדות ציבור",14,,,
91,"מועצות דתיות",14,,"דת ומדינה",
1449,"מפלגות",14,,"כנסת",
2275,"עובדים",14,,"זכויות עובדים",
2221,"פגיעה בזכות יסוד",14,1,"זכויות יסוד",
3226,"צה""ל",14,1,"צבא",
2523,"שיקום",14,,,
86,"אומנות",13,,,
198,"אופוזיציה",13,,"כנסת",
2034,"איגודים מקצועיים",13,,"התאגדות",
2447,"חופש התנועה",13,,,
2216,"לשון הרע",13,1,,
2017,"מלחמה בשחיתות",13,1,"שחיתות",
235,"מס הכנסה",13,,"מיסוי",
39,"סל התרופות",13,,"בריאות",
2640,"עבודה מועדפת",13,,"ביטוח לאומי",
2322,"ענישה",13,,"עונשין",
1862,"פיקוח",13,1,,
1903,"פמיניזם",13,1,"נשים",
1596,"תקנות",13,1,,
1851,"אסבסט",12,1,"זיהום",
840,"חברי כנסת",12,1,,
1902,"חוק בינלאומי",12,1,,
230,"ממשלה",12,,,
2878,"מרחב ציבורי",12,,,
2931,"משילות",12,1,,
2824,"ניירות ערך",12,,"השקעות הון",
2452,"עצמאות השפיטה",12,1,"מערכת המשפט",
2164,"פסולת",12,,"איכות סביבה",
2770,"קרקעות המדינה",12,,"מקרקעין",
1063,"שביתה",12,,"זכויות עובדים",
2530,"בית משפט לענייני משפחה",11,1,"מערכת המשפט",
133,"דיור בר השגה",11,,"דיור ציבורי",
2050,"דיני חוזים",11,,,
2128,"הולכי רגל",11,1,"בטיחות בדרכים",
466,"הטרדה מינית",11,,"עבירות מין",
1507,"ועדת חקירה",11,1,,
1058,"ועדת ששינסקי",11,1,"משאבי טבע",
2308,"ירושה",11,,,
1711,"מחקר",11,,"מדע",
2256,"מרשם האוכלוסין",11,1,"אוכלוסין",
752,"סלולר",11,,"תקשורת",
2335,"עונשין",11,1,,
976,"עיתונות",11,,"תקשורת",
2745,"רישוי",11,1,,
2279,"שירותים חיוניים",11,,,
3308,"תיקון חקיקה",11,1,"חקיקה",
917,"תמלוגים",11,,,
582,"אפליה",10,,,
2317,"ארגוני-טרור",10,1,"טרור",
2979,"גמלה",10,,,
2780,"חברות",10,1,"דיני חברות",
1310,"מימון",10,1,,
611,"משרד הפנים",10,,,
2198,"נזיקין",10,,,
1841,"רב-תרבותיות",10,1,,
2972,"רכב",10,1,"תחבורה",
1986,"שוק חופשי",10,,"כלכלה",
2799,"אימוץ",9,,"הורים",
1837,"אנונימיות",9,1,"פרטיות",
1514,"התאגדות",9,,"זכויות עובדים",
1508,"כבאות",9,,"שירותי חירום",
2550,"מודעות",9,1,,
137,"מזרח ירושלים",9,,"ירושלים",
669,"מנהל מקרקעי ישראל",9,,"מקרקעין",
2203,"משרד הרווחה",9,,,
2666,"משרד התמ""ת",9,,,
1220,"נשיא המדינה",9,1,,
3310,"פקודת התעבורה",9,1,,
2507,"שירותי חירום",9,,,
2338,"שפה",9,,,
1169,"אבטלה",8,,,
1928,"ביומטריה",8,,,
2501,"גופים מוסדיים",8,1,,
1691,"היועץ המשפטי לממשלה",8,1,,
2553,"הקרן לרווחי נפט וגז",8,1,"גז ונפט",
2790,"זקנה",8,1,"אזרחים ותיקים",
2451,"חברה אזרחית",8,1,,
1868,"חגים ומועדים",8,,,
2148,"חד הוריות",8,,"הורים",
1843,"חופשת לידה",8,,"הריון ולידה",
693,"חשמל",8,,"אנרגיה",
2896,"יחסים בינלאומיים",8,1,,
2655,"ישיבות הסדר",8,,"ישיבות",
2194,"מזונות קטינים",8,1,"מזונות",
1749,"מקום העבודה",8,1,"תעסוקה",
387,"נישואים אזרחיים",8,,"נישואין וגירושין",
2528,"צווים",8,1,,
2510,"ציבור דתי",8,,,
2852,"רכב דו גלגלי",8,,"תחבורה",
2515,"שארים",8,1,"ירושה",
2201,"אבטחה",7,1,,
231,"אשראי",7,,"בנקאות",
1130,"אתיקה",7,1,,
3530,"בחירות לכנסת",7,,"בחירות",
2517,"בית דין לעבודה",7,,"מערכת המשפט",
2793,"הטעיה",7,1,,
2458,"העסקה ישירה",7,1,"תנאי תעסוקה",
2727,"השכלת חיילים משוחררים",7,1,"חיילים משוחררים",
730,"טלוויזיה",7,,"תקשורת",
303,"יום העצמאות",7,1,"חגים ומועדים",
2526,"לוביסטים/שדלנים",7,1,"שדלנים",
2872,"נגישות",7,,"בעלי מוגבלויות",
2041,"סמלים וטקסים",7,,,"להוסיף ערכים"
2106,"עצמאים ופרילנסרים",7,,"תעסוקה",
2365,"פטנטים",7,,"זכויות יוצרים",
789,"פרסומות",7,,"פרסום ושיווק",
865,"פרקליטות",7,,"מערכת המשפט",
1725,"קרינה",7,,"איכות הסביבה",
2165,"בנייה ירוקה",6,,"איכות הסביבה",
3022,"הזכות לחינוך",6,1,"חינוך",
2789,"הכשרה מקצועית",6,,"תעסוקה",
363,"הפליה",6,,,
2124,"התחממות עולמית",6,,"איכות הסביבה",
566,"זיהום אוויר",6,,"איכות הסביבה",
2321,"זכויות יוצרים",6,,,"צריך להסיר חלק מהערכים הנוכחיים"
2505,"חומרים מסוכנים",6,1,"איכות הסביבה",
3017,"חופש המידע",6,,,
2163,"חיפה והצפון",6,1,"צפון",
2763,"טכנולוגיה",6,1,,
2307,"יושב ראש הכנסת",6,1,"חברי כנסת",
2305,"מימון מפלגות",6,1,"מפלגות",
396,"מירי רגב",6,1,,
2889,"מכרזים",6,,,
2784,"משרדי ממשלה",6,,,"כמה ערכים מיותרים, יש להרחיב ולהיפטר מהמיותרים"
2883,"עובדי ציבור",6,,,
825,"פצלי שמן",6,1,"גז ונפט",
2195,"פקידות סעד",6,1,"משרד הרווחה",
2798,"צדק",6,1,,
2120,"קסדה",6,1,"בטיחות בדרכים",
1193,"רדיו",6,,"תקשורת",
2306,"רשם המפלגות",6,1,"מפלגות",
2645,"תודעת שירות",6,1,,
2499,"תזונה",6,1,"בריאות",
2783,"תיקון לחוק",6,1,"חקיקה",
2525,"תלונות הציבור",6,,,
2134,"תנאי העסקה",6,1,"תעסוקה",
1636,"אונס",5,,"עבירות מין",
3230,"אלימות מינית",5,,"עבירות מין",
2123,"גיור",5,,"דת ומדינה",
1733,"זנות",5,1,"סחר נשים",
3464,"חברות ממשלתיות",5,,,
2786,"חברות קבלן",5,1,"עובדי קבלן",
2929,"חופש המחשבה והדעה",5,1,,
1122,"חוק האזרחות",5,1,"אזרחות",
2703,"חניה",5,,"תחבורה",
3434,"יצוג הולם",5,,"אפליה",
2206,"ישיבות",5,,"ציבור דתי",
456,"כנרת",5,,"הצפון",
2781,"כשל שוק",5,1,"כלכלה",
2521,"מזונות בגירים",5,1,"מזונות",
3312,"משרד התחבורה, התשתיות הלאומיות והבטיחות בדרכים",5,,"תחבורה",
777,"משרד התקשורת",5,,,"תקשורת"
434,"קרנות פנסיה",5,1,"פנסיה",
2765,"שב""כ / שירות הביטחון הכללי",5,1,"שב""כ",
1965,"שעון קיץ",5,,,
1782,"תרומות",5,,,
361,"אחמד טיבי",4,1,,
3365,"ארנונה",4,,"מיסוי",
3481,"בית הדין לענייני משפחה",4,,"מערכת המשפט",
3484,"בית המשפט",4,,"מערכת המשפט",
1644,"בנייה",4,1,"תכנון ובנייה",
427,"גרעון",4,1,"כלכלה",
3428,"היטל השבחה",4,1,"תכנון ובנייה",
252,"הסדר מדיני",4,,,
2524,"התנדבות",4,1,,
2665,"וועדה רפואית",4,1,"בריאות",
3424,"ועדות התכנון והבניה",4,1,"תכנון ובנייה",
830,"חברות סלולאר",4,1,"סלולר",
2820,"חובה אזרחית",4,1,,
2569,"חוק המזונות",4,1,"נישואין וגירושין",
3496,"חוק יסוד הכנסת",4,1,"כנסת",
3389,"חוק יסוד משק המדינה",4,1,,
122,"חיפה",4,,"צפון",
2600,"חסכון",4,,,
2825,"יצרני מזון",4,1,"מזון ורשתות שיווק",
2565,"יתמות",4,,,
1624,"מאסר",4,,,
1247,"מונופול",4,,,
2296,"מזונות",4,1,"נישואין וגירושין",
2324,"מחשבים",4,1,"טכנולוגיה",
1026,"משרד המשפטים",4,,,
3207,"נישואים גאים",4,1,"להט""ב","להחליף שם ל-להט""ב"
2180,"ערוץ 10",4,,"טלויזיה",
1510,"ערוץ 2",4,,"טלויזיה",
2264,"פינוי",4,,,
516,"פסח",4,1,"חגים ומועדים",
1203,"קרקעות",4,1,"מקרקעין",
2631,"רשות מקרקעי ישראל",4,1,"מנהל מקרקעי ישראל",
1179,"שוק העבודה",4,1,"תעסוקה",
2900,"שידורי רדיו ממלכתיים",4,1,"רדיו",
1312,"תמיכה",4,1,,
1740,"תרופות",4,,"בריאות",
3235,"אומנה",3,,"משפחה",
3522,"בני זוג",3,,,
2821,"גיוס הון",3,,,
2725,"גלוטן",3,1,"תזונה",
1239,"דואר",3,,,
2744,"דיור מוגן",3,,"אזרחים ותיקים",
2112,"הורות",3,,"הורים",
3357,"הלוואות",3,,,
2637,"הלכה",3,1,"דת",
2768,"המטה לביטחון לאומי",3,1,"ביטחון",
2773,"הסדרה",3,1,,
2099,"השתלת אברים",3,,"בריאות",
1396,"ועדת שרים לענייני חקיקה",3,,,
992,"זוגות צעירים",3,1,,
3364,"חוק התקשורת",3,,"תקשורת",
3314,"חוק חסינות חברי הכנסת",3,,"חברי כנסת",
3232,"חוקי מגן",3,1,,
3214,"חינוך בלתי-פורמלי",3,,"חינוך",
3225,"חללי צה""ל",3,,"צה""ל",
3492,"טלויזיה",3,1,"טלוויזיה",
2748,"ימי זכרון",3,,"חגים ומועדים",
2115,"לאום",3,,,
211,"מוקשים",3,1,,
2678,"מיון, הערכה ומדידה",3,1,,
2884,"מינויים בשירות המדינה",3,1,"עובדי ציבור",
3430,"מס ערך מוסף",3,,"מיסוי",
902,"משאל עם",3,1,,
745,"משרד הביטחון",3,,,
3229,"משרד החקלאות ופיתוח הכפר",3,,"חקלאות",
2245,"ערבות הדדית",3,1,,
625,"פונדקאות",3,,"הורות",
2871,"פורנוגרפיה",3,1,"בטיחות ילדים",
1151,"פשיעה",3,,"טלוויזיה",
2898,"צהרונים",3,1,"גני ילדים ומעונות",
2880,"קצבאות ילדים",3,,,
3396,"רכב פרטי",3,1,"תחבורה",
2993,"שיווק",3,1,"פרסום ושיווק",
3064,"שירות בתי הסוהר",3,1,"בתי סוהר",
2522,"שירותי קהילה",3,,,
2978,"תביעות",3,1,,
1070,"תכנון",3,1,"תכנון ובנייה",
2974,"תמותה",3,1,,
1040,"תעריפים",3,1,,
1393,"תקיפה מינית",3,1,"אלימות מינית",
2976,"אגודות שיתופיות",2,1,,
2224,"אלקטרוניקה",2,1,"טכנולוגיה",
2975,"אמון הציבור",2,1,,
1871,"אנטנות סלולריות",2,1,"סלולר",
3368,"ביטחון תזונתי",2,1,"תזונה",
3548,"בירוקרטיה",2,1,,
1669,"בקעת הירדן",2,1,"יהודה ושומרון",
2823,"גיוס הון חברתי",2,1,,
3186,"גלי צה""ל",2,1,"רדיו",
3391,"גמלאות",2,1,"ביטוח לאומי",
2994,"דאר זבל/ספאם",2,1,"אינטרנט",
3551,"הורים וילדים",2,1,"הורים",
2992,"הטרדה",2,1,,
2819,"הלבנת הון",2,1,,
2977,"המגזר הבדואי",2,,,
3220,"הממונה על אגף התקציבים",2,1,,
2497,"הפסקת הריונות",2,1,"הריון ולידה",
3486,"הפקעה",2,1,"מקרקעין",
3440,"הפקעה לצרכי ציבור",2,1,"מקרקעין",
381,"התבוללות",2,1,,
2787,"ועדות ערר",2,1,,
2527,"ועדת שניט",2,1,,
2779,"זיכרון השואה",2,,"חגים ומועדים",
2705,"זכויות המילואימניקים",2,1,"מילואים",
3401,"חוק איסור לשון הרע",2,1,"לשון הרע",
810,"חוק ביטוח בריאות ממלכתי",2,1,"בריאות",
3352,"חוק הגנת הצרכן",2,1,"הגנת הצרכן",
2417,"חוק השבות",2,1,"אזרחות",
3511,"חוק שירות ביטחון",2,1,"ביטחון",
2648,"חרות הפרט",2,1,,
2706,"חתרנות מדינית",2,1,,
3477,"טיפול",2,1,,
2908,"יבוא",2,1,"יבוא ויצוא",
3350,"יציאה למלחמה",2,1,"מלחמה וחירום",
3398,"כיבוי אש",2,1,"שירותי חירום",
2876,"כשרות",2,1,,
3201,"כתב אישום",2,1,,
3460,"מהגרים בלתי חוקיים",2,,"הגירה וגבולות",
2726,"מימון שכר לימוד",2,1,,
1248,"מכס",2,1,"מיסוי",
2771,"ממשל תאגידי",2,1,,
2794,"מפוני גוף קטיף",2,1,,
2649,"מרכז המחקר והמידע של הכנסת",2,1,,
3445,"משפחות חד מיניות",2,,"להט""ב","להחליף שם ל-להט""ב"
2882,"נפגעי פעולות איבה",2,,,
3358,"סיוע לעסקים",2,,,
1280,"סיפוח",2,1,,
2815,"סכסוך עבודה",2,,"דיני עבודה",
2516,"ערעור",2,1,,
3354,"פקודת מס הכנסה",2,,"מס הכנסה",
3215,"קניין פרטי",2,1,,
2772,"שכר והוצאות שרים וחברי כנסת",2,,"חברי כנסת",
3533,"שעת חירום",2,,"מלחמה וחירום",
2642,"תושבי חוץ",2,,,
3343,"תנועות נוער",2,,,
3047,"תעודת זהות",2,,"אזרחות",
3489,"תקנות שעת חירום",2,,"מלחמה וחירום",
3187,"תשדירי חסות",2,,"פרסום ושיווק",
3221,"אגף התקציבים",1,1,,
3476,"אוטיזם",1,1,,
3427,"אזור פיתוח",1,1,,
3469,"ארגון יציג",1,1,,
3425,"בחירות לנשיאות",1,,,
2670,"בעיית הנציג",1,1,,
3233,"בעלי מוגבלויות",1,,,
3448,"בריאות הפה",1,,"בריאות",
3385,"דמי הבראה",1,1,"ביטוח לאומי",
3443,"דמי לידה",1,1,"ביטוח לאומי",
2973,"דמי מחלה",1,1,"ביטוח לאומי",
3482,"הומוסקסואלים",1,1,"להט""ב","להחליף של ל-להט""ב"
3021,"הזכות להליך הוגן",1,,"מערכת המשפט",
2907,"הימורים",1,,,
3351,"הכרזת מלחמה",1,,"מלחמה וחירום",
3470,"הסכם קיבוצי",1,1,,
3392,"הסתה לגזענות",1,,"גזענות",
3359,"הצהרת נאמנות",1,1,,
3309,"הצעת חקיקה ממשלתית",1,,"חקיקה",
3386,"השמה חוץ ביתית",1,,,
3497,"השעייה",1,,"חברי כנסת",
3466,"התרת נישואים",1,,"נישואים וגירושין",
3513,"וד""ל",1,1,,
2508,"וועדת הפנים",1,1,,
3210,"זהות מגדרית",1,1,"להט""ב","להחליף ל-להט""ב"
3485,"זכויות",1,1,,
3446,"זכויות הנכים",1,,"בעלי מוגבלויות",
3490,"זכויות יסוד",1,1,,
2646,"חברה ממשלתית",1,1,,
3527,"חברי מועצה",1,1,,
3461,"חוק אוויר נקי",1,,"איכות הסביבה",
3467,"חוק גיל הפרישה",1,,"פנסיה?/ אזרחים ותיקים",
3435,"חוק האזרחים הותיקים",1,,"אזרחים ותיקים",
3360,"חוק הביטוח הלאומי",1,,"ביטוח לאומי",
3462,"חוק הדיינים",1,1,"בתי דין רבנים",
3518,"חוק הספורט",1,,"ספורט",
3307,"חוק הספנות",1,1,,
3509,"חוק הרשות השניה",1,,"תקשורת",
3532,"חוק השמות",1,1,,
3441,"חוק חג המצות",1,,"חגים ומועדים",
3433,"חוק חובת המכרזים",1,1,"מכרזים",
3498,"חוק חינוך ממלכתי",1,,"חינוך",
3403,"חוק יסוד נשיא המדינה",1,1,"נשיא המדינה",
3521,"חוק לימוד חובה",1,,"חינוך",
3426,"חוק לעידוד השקעות הון",1,1,,
2826,"חוק לרון",1,1,"בעלי מוגבלויות",
3444,"חוק עבודת נשים",1,1,"נשים",
3516,"חוק שמירת הסביבה החופית",1,1,"איכות הסביבה",
3465,"חוק תגמולים לחיילים ולבני משפחותיהם",1,1,"זכויות חיילים",
3442,"חמץ",1,1,"חגים ומועדים",
3009,"חקיקה למפרע",1,1,"חקיקה",
3478,"חריגות בניה",1,,"תכנון ובנייה",
3472,"טופס 17",1,1,"בריאות",
3316,"יעוץ לישות מדינית זרה",1,1,"מדיניות חוץ",
3315,"יעוץ למדינת אויב",1,1,,
3500,"כביש 6",1,1,,
3499,"כביש אגרה",1,1,,
3531,"לימודים בחו""ל",1,1,,
3483,"לסביות",1,,"להט""ב","להחליף שם ל-להט""ב"
3217,"לפ""מ",1,1,,
3218,"לשכת הפרסום הממשלתית",1,1,,
3502,"מבחן הכנסה",1,,"ביטוח לאומי",
2879,"מוניות",1,,"תחבורה ציבורית",
3439,"מועצת מקרקעי ישראל",1,1,"מנהל מקרקעי ישראל",
3018,"ממשל זמין",1,1,,
3534,"מעצר מנהלי",1,1,"שעת חירום",
3311,"מצלמות ומכמונות מהירות",1,1,,
3362,"מקומות קדושים",1,1,"דת ומדינה",
2930,"משטר נשיאותי",1,,"ממשל",
3432,"משק המדינה",1,1,,
2792,"מתווך",1,1,"תיווך מקרקעין",
3318,"נהיגה בשכרות",1,,"בטיחות בדרכים",
3317,"נהיגה בשלילה",1,1,"בטיחות בדרכים",
3319,"נהיגה תחת השפעת סמים",1,,"בטיחות בדרכים",
3417,"נוכחים-נפקדים",1,,"חוק השבות/אזרחות",
3231,"נכי צה""ל",1,,"צבא",
3219,"נציב שירות המדינה",1,1,"שירות המדינה",
2782,"נשק",1,,,
3370,"סחר נשים",1,,"נשים",
3576,"סטטוס קוו",1,1,"דת ומדינה",
3447,"סל הבריאות",1,1,"בריאות",
3479,"עבירות בניה",1,1,"תכנון ובניה",
3468,"עובדי בניין",1,1,"תכנון ובנייה",
3547,"עקר/ת בית",1,1,,
3008,"עקרון החוקיות",1,1,,
2980,"פגים",1,1,"הריון ולידה",
3361,"פגיעה בערכי דת",1,1,"דת ומדינה",
2909,"פדויי שבי",1,1,,
2096,"פוליגמיה",1,1,"נישואין וגירושין",
3228,"פלסטינאים",1,,"המגזר הערבי",
3529,"פסילת מועמדים",1,1,"חברי כנסת",
3528,"פסילת מפלגות",1,1,"מפלגות",
3488,"צו הריסה מנהלי",1,1,,
3491,"צווי מאסר",1,1,,
2827,"קהילה אתיופית",1,,,"בני מיעוטים"
3213,"קנאביס רפואי",1,,"רפואה, סמים",
3356,"קרן לסיוע לעסקים במצוקה",1,1,"סיוע לעסקים",
3438,"קרן קיימת לישראל",1,,"מנהל מקרקעי ישראל",
3124,"רב-קו",1,1,"תחבורה ציבורית",
3383,"רבנות",1,1,,
3138,"רווחים כלואים",1,,"מיסוי",
3279,"שבת",1,1,"חגים ומועדים",
3404,"שימוע",1,1,"נשיא המדינה",
3494,"שירות",1,1,,
3222,"שכונות",1,1,,
3508,"שלילת אזרחות",1,1,"אזרחות",
3223,"תג מחיר",1,1,"גזענות",
2791,"תווך",1,1,"תיווך מקרקעין",
3512,"תעודת שחרור",1,1,"חיילים משוחררים",
3480,"תשלומים",1,1,,
