name,party,age,status,kids,address,declaration,voting,text,person_donor_1,person_donor_2,person_donor_3,person_donor_4,person_donor_5,person_donor_6,person_related_1,person_related_2,person_related_3,person_related_4,person_related_5,person_related_6,,info,,,,,
בנימין נתניהו,הליכוד,65,נשוי,3,מעון ראש הממשלה בירושלים; בתים פרטיים בקיסריה ובירושלים,לא. הונו הוערך ב–2012 על כ–41 מיליון שקל,"התנגד לחשיפת תיקי המניות, נעדר משאר ההצבעות","ואולי, רק אולי, ביבי נתניהו סיפק לציבור הישראלי בדיוק את החזון שלו, את מה שהוא הבטיח לבוחריו, ובצורה מושלמת? אם ה'חזון' של נתניהו הוא למנוע הסכם עם הפלשתינאים, למנוע כל אפשרות של פינוי שטחים ולהמשיך את מפעל ההתנחלויות – הוא סיפק את הסחורה. אלא שבין אם הוא סיפק את הסחורה המדינית (ואולי גם הצבאית) ובין אם לא, בנימין נתניהו נכשל בכמעט כל דבר כלכלי וחברתי שמדינת ישראל נזקקה לו. זהו ציון 'נכשל' מסוג מיוחד. יש מי שמנסה, משתדל, ופשוט לא הולך לו. אבל לא אצל נתניהו: ה'נכשל' שלו הוא על כך שבכלל לא הגיע לכיתה, לא ישב בשיעורים, וכמובן שלא ניגש למבחן. בנרטיב של נתניהו על יאיר לפיד, שלטענתו ""נכשל בניהול הכלכלה ולכן פוטר"" יש הרבה רוע ומניפולציות. נתניהו תמרן את לפיד למשרד האוצר בדיוק לשם כך: כדי שייכשל ויאבד מנדטים - בין אם בחבלה אקטיבית ובין אם דרך אי התערבות ואי תמיכה - ובמדינת ישראל צריך את התמיכה הפעילה של ראש הממשלה כדי לעשות משהו. 
בדרכו להשגת מטרות פוליטיות הוא פגע, דיכא והוריד את רמת החיים ואת סיכוי הקידום של הרוב המוחלט של תושבי מדינת ישראל - ובאופן מיוחד את רמת החיים של הבוחרים שלו עצמו, שרבים מהם בני מעמד הביניים. מחירי הדיור זינקו בעת כהונתו בצורה מטורפת, כנראה שיא עולמי; יוקר המחיה עלה בעשרות סעיפים; כמעט כל הרפורמות שעלו על השולחן, החל מדו""ח טרכטנברג מ-2011 , דרך יוקר המחיה, ועד היוזמות הבודדות של יאיר לפיד – טורפדו. מחיר הגז? הדואופול הבנקאי? מחירי המזון? הסקטור הציבורי המושחת והלא-מתפקד? הפנסיה שלא תהיה כאשר הציבור יזדקק לה? נתניהו התרחק מכל הנושאים הללו. 
נתניהו בחר בנבצרות כלכלית-חברתית כדי לא להתלכלך במאבקים חברתיים ולא לפגוע בתדמיתו כ""מבוגר אחראי' בענייני ביטחון ומדינאות. אבל הספק מתגנב: אולי זה גם היה לו נוח על רקע קרבתו לטייקונים ובעלי הון שנהנים מהמציאות הקיימת? אחרת, מדוע פגש את נוחי דנקנר מספר פעמים בביתו (מלך הריכוזיות)? ואת יצחק תשובה (נסיך הגז)? ואולי אחרים? אם משהו בישראל חרד לעתידו הכלכלי, אינו יודע כיצד יגמור הפעם את החודש, מיואש ממחירי הדיור, או מתקשה להירדם בלילה כשהוא חושב על עתיד ילדיו, הכתובת המרכזית לתסכולים שלו צריכה להיות ראש הממשלה. הוא הרי היה המלך בשש השנים האחרונות. 
נתניהו עצמו אגב, פחות מוטרד מהעתיד הכלכלי. גם במהלך כהונתו לא וויתר על האפשרות להיות משקיע פיננסי ערני בעצמו. כפי שנחשף ב-TheMarker הוא ביקש (ונענה בשלילה) לשנות במהלך הקדנציה את הרכב תיק ההשקעות שלו, שחלקו או כולו מנוהל בחו״ל. לפי ""פורבס"", הונו עמד ב–2012 על כ–41 מיליון שקל. כ–48 אלף שקל שהוא משתכר בחודש, והתמלוגים משני ספריו, לא התפיחו את הונו בשנים האחרונות כפי שעשתה התייקרות מחירי הנדל""ן שהעלתה את ערכם של שני בתי פאר שבהם הוא מחזיק, ושל דירה נוספת, ככל הנראה, הנמצאת בריב ירושה. ערך הוילה הפרטית של בני משפחת נתניהו בקיסריה מוערך בכ-15 מיליון שקלים וערך דירת הגג הדו קומתית ברחוב עזה בירושלים מוערך בכ-8 מיליון שקלים. בנוסף לנתניהו ״נכסים שמושקעים בחו״ל במוסדות פיננסיים״ אותם אישר מבקר המדינה. נכס נוסף הינו חשבון בנק שפתח ראשת ממשלת ישראל במקלט מס באי ג'רזי - בתום הקדנציה הראשונה שלו. פעילות החשבון- לדברי נתניהו- הופסקה ב-2003.","קן אברמוביץ'/בעל קרן השקעות ויו""ר ידידי הליכוד בארצות הברית",משפחת פאליק/בעלת רשת חנויות דיוטי פרי גדולה בארצות הברית,ריצ׳רד היידמן/מייסד משרד עורכי דין גדול בוושינגטון,משפחת שוטנשטיין/מבעלי רשת האופנה אמריקן איגל,,,"ניר חפץ, ארי הרו ודוד שרן/יועצים בלשכה",דוד שמרון/פרקליטו האישי של נתניהו,חיים ביבס/יו״ר המרכז לשלטון מקומי/כיהן כראש המטה של נתניהו בבחירות לראשות המפלגה,"שלדון אדלסון/איל הימורים ומו""ל ""ישראל היום""",יצחק תשובה,נוחי דנקנר,,פרויקט השקיפות של TheMarker//בחירות 2015,<- כותרת ראשית,,,,http://www.haaretz.co.il/st/inter/resources/img/66/
גלעד ארדן,הליכוד,44,נשוי,3,"בית בסביון שנמכר תמורת 6.75 מיליון שקל; דירה ברמת אביב ששוויה מוערך ב–3 מיליון שקל
",לא,נעדר מכלל ההצבעות בנושא,"מאז שנחשף כי היה מעורב בקידום חוק האפודים הזוהרים, נמנע שר הפנים מלהיפגש עם לוביסטים. ארדן הוא גם חבר של האישים החזקים בליכוד ומקורביו משובצים בחברות ענק במשק, אך הוא נזהר שלא לקדם את ענייניהם או את אלו של לקוחות רעייתו, שלומית, שעוסקת בייעוץ משפטי לעסקות נדל״ן. הוא אפילו הקשיב לביקורת שנמתחה עליו ומכר את הווילה המפוארת בסביון שבה התגורר. נראה שגם בקדנציה הקרובה ארדן ינסה שלא להתלכלך או לקדם אינטרסים צרים, ולהתחבב כמה שיותר על הציבור הרחב. אחרי שוויתר על ההצעה לכהן כשגריר באו״ם, הוא מכוון גבוה. יום אחד, כך הוא מקווה, אולי אף יחליף את הפטרון נתניהו.
בכנסת האחרונה שימש כשר התקשורת ונכנס לנעליו הגדולות של כחלון, אביר הרפורמה בסלולר. בעקבותיו כנראה הבין ארדן כי הדרך הנכונה לבלוט בתפקיד היא לייצר ערך לציבור ולא כמו קודמיו של כחלון רק להתחבב על טייקונים. מיד בתחילת הקדנציה הציב ארדן את נושא רשות השידור בראש סדר העדיפויות שלו. מינה את ועדת לנדס ורמז כי בכוונתו לפרק את הרשות. ארדן גם חתום על רפורמה ענקית בדואר וכן על רפורמה גדולה בתקשורת הקווית - בפס הרחב. ארדן טיפל גם בנושא פיצול ערוץ 2 – אבל ברגע האמת בחר לנטוש את משרד התקשורת לטובת משרד הפנים, בדיוק כאשר נדרש שר שיקדם את ההחלטה בכנסת. נתניהו קבר את היוזמה למורת רוחו של ארדן. ארדן שתפס את המקום הראשון בפריימריס בליכוד שואף לכהן כשר האוצר בממשלה הבאה.",אייל בביוב/יהלומן,"עו""ד איתן ארז/כונס נכסים ומומחה בפירוקים",ארי קומרן/מנהל פיתוח עסקי ומנהל מרכז החדשנות באינטל,,,,"זוהר גושן/לשעבר יו""ר רשות ניירות ערך","חזי צאיג/יו""ר הדואר",חנוך דאום/עיתונאי,,,,,"מאת תומר אביטל, צבי זרחיה וכתבי TheMarker",<- כותרת משנית,,,,.jpg
מירי רגב,הליכוד,50,נשואה,3,בית בראש העין,לא,נעדרה מכלל ההצבעות בנושא,"רגב התברגה כאישה הראשונה ברשימת הליכוד ולא בטוח שהדבר משמח את יו""ר המפלגה, נתניהו, שמסתייג ממנה. פעילים חברתיים בכנסת משבחים את פעילותה הפרלמנטרית של רגב, ואכן נוכחותה במשכן דירגה אותה בצמרת הטבלה. אך מי נהנה מכך? בעיקר פעילי ליכוד ואנשי עסקים. רגב בלמה, למשל, חוק לאיסור חלוקה חינם של שקיות ניילון ברשתות המזון; כיו""ר ועדת הפנים היא הסתייגה מסעיפים ברפורמת ששינסקי, ואף הגנה על מונופול המלט נשר. היא ונוחי דנקנר חברים ""הרבה שנים"", כדבריה. לבני בריתה ברשויות המקומיות דאגה בקידום החוק למינוי סגני ראשי ערים נוספים ללא תשלום שכר. רגב ידועה בהתבטאויותיה המשתלחות (""הרצוג הוא חתרן בלתי נלאה"", ""המסתננים הם סרטן בגוף שלנו"") אך זוכה לאהדה ציבורית בקרב מצביעי מפלגתה. כפיים","צ׳רנה מוסקוביץ'/מנהלת קרן מוסקוביץ', רעיית איל ההון האמריקאי ארווינג מוסקוביץ'",משה חדיף/בעלי חברת נדל״ן,עזרא לאטי/בעלי חברת המזון מעדני הטלה,,,,"חיים ביבס/יו""ר השלטון המקומי",נוחי דנקנר/לשעבר בעל השליטה באי.די.בי,שמעון גפסו/ראש העיר נצרת עלית,,,,,,<- תמונה ראשית לשיתוף,,,,
ישראל כץ,הליכוד,59,נשוי,2,בית בכפר אחים,לא,נעדר מכלל ההצבעות בנושא,"אחד משני השרים הנאמנים ביותר לראש הממשלה, אם ישחק נכון בקלפיו והקלפי תאיר לליכוד פנים, כ""ץ עשוי לזכות בתפקיד שעליו הוא חולם בלילות: שר האוצר. שמו של כ""ץ אמנם נקשר בעבר למינויים פוליטיים ולפעילות פוליטית ענפה ככלל, אך במקביל פעל ב-6 השנים האחרונות להגברת התחרות בענפי התעופה, הרכב והנמלים - והוא חתום על רפורמת שמים פתוחים ועל המכרזים להקמת הנמלים הפרטיים.","רון ברנט/עו""ד/מתמחה בנדל""ן ובפרויקטים של פינוי בינוי",ברוך קרשטיין/בעלים של חברת אריזות,ניצה שטרית/מנהלת כפר נופש באשקלון,,,,"דוד ביטן/פעיל ליכוד, ממלא מקום ראש העיר ראשל""צ ומקום 21 ברשימת הליכוד לכנסת","אבינועם נובוגרוצקי/איש הייטק, לשעבר דירקטור במעצ","דוד בן בסט/מנכ""ל ובעלים של תחנות רדיו",,,,,,<- כותרת הסבר,,,,
יולי (יואל) אדלשטיין,הליכוד,56,אלמן,2,"דירת חמישה חדרים בגוש עציון. לדבריו אינו מחזיק בנדל""ן נוסף",לא,התנגד ונעדר לסרוגין,"יו""ר הכנסת ביקש להפוך את המשכן למקום ממלכתי ונגיש לציבור. בפועל הכנסת ביזתה את עצמה בתקופת כהונתו שוב ושוב, המליאה התרוקנה מחדש לאחר כמה חודשים ־ ומיזם ""כנסת שקופה"" הסתכם בהנגשת מאגרי מידע. זה חשוב, אך לא העיקר. אדלשטיין לא ניסה לשנות את כללי המשחק, ולא העז לגעת בפרות הקדושות של הח""כים כמו חשיפת הצהרות ההון שלהם, לוח הזמנים וחשיפת הקשרים עם הלוביסטים.","קן אברמוביץ׳/בעל קרן השקעות, ויו""ר ידידי הליכוד בארצות הברית",ולדימיר גוסינסקי/איל תקשורת רוסי ופעיל בקונגרס היהודי העולמי,משפחת פאליק/בעלת רשת חנויות דיוטי פרי גדולה בארצות הברית,,,,"רונן פלוט/מנכ""ל הכנסת/איש אמונו שהיה לצדו גם כשהיה שר הקליטה",קובי צורף/היועץ הפוליטי של נתניהו/בעבר יועץ הפוליטי שלו,"אמנון דיק/לשעבר מנכ""ל בזק/אדלשטיין נלחם על מינויו ליו""ר רשות השידור",דליה איציק/יו״ר הכנסת לשעבר,,,,,<- טקסט הסבר,,,,
סילבן שלום,הליכוד,56,נשוי,5,וילה ברמת גן,"לא. ב–2012 העריך ""פורבס"" את הון משפחתו ב–150 מיליון שקל","התנגד לשתי הצעות (חשיפת ועדת השרים ותיעוד חופשי של ישיבות מועצה, נעדר מהשתיים האחרות)","מונופול מסוכן על משאב הגז הטבעי בישראל, מחירי גז גבוהים, מונופול חשמל לא יעיל וביקושים גבוהים לחשמל בעתיד – סוגיות קריטיות אלה עבור שוק האנרגיה והמשק הישראלי נותרו בשנתיים האחרונות ללא מענה במשרד האנרגיה והמים, שבראשו עמד השר סילבן שלום. בקדנציה החולפת שלום היה טרוד בקמפיין הבחירות שלו לנשיאות המדינה ואחר כך בקמפיין לרשימת הליכוד לכנסת, ומשכך, נבצר ממנו לעתים מלמלא את תפקידו המיניסטריאלי, כשגם אל לשכתו במשרד מיעט להגיע. 
שלום מקושר היטב בתקשורת, במגזר העסקי ובסניפי המפלגה. הוא נוהג לבלות בגאלות נוצצות ובאירועים של אנשי הליכוד – אך התנזר דווקא מפגישות רגישות בנושאי שוק הגז הטבעי או החשמל הפרטי, הרחיק עצמו מהכרעות בעלות פרופיל מחאתי גבוה והעדיף להסתפק סטטוסים קונצנזואליים בפייסבוק, בכובעו השני, כשר לפיתוח הנגב והגליל. שלום רמז כי אינו להוט לתמוך בהטלת מגבלה על מחיר הגז בשוק, לא הביע עמדה ברורה באשר לניסיונות להצר את צעדי המונופול הגז, ובכל הקשור לחברת החשמל – ועד העובדים כבר למד שיש לו על מי לסמוך במשרד. תחת הטיפול המורכב באלה, דאג שלום לטפח יוזמות שנראות טוב על הנייר אך ספק אם ייצאו לפועל, כמו שבתון ביום ראשון או תעלת הימים.","מיכאיל מירילשווילי/מיליארדר גיאורגי-יהודי/עוסק בקידוחי גז, נדל״ן, יהלומים והימורים מקוונים",צבי בארינבוים/הבעלים של אקסלמדיה,ולדימיר גוסינסקי/ איל תקשורת רוסי ופעיל בקונגרס היהודי העולמי,,,,"ארנון מילצ'ן/מפיק קולנוע בהוליווד ולשעבר איש הלק""מ",יגאל זילכה/בעל השליטה בקווינקו,דוד פתאל/איש עסקים ובעלי ארשת מלונות פתאל,,,,,http://www.,,,,,
צחי הנגבי,הליכוד,58,נשוי,4,בית במבשרת ציון,לא,התנגד לכלל ההצעות,"המעגלים של הנגבי כוללים קבלני קולות, ראשי ערים ולוביסטים. הוא גם לא מקפח את התורמים, גם מהפריימריז וגם מהעמותה שהקים בעבר לצורך מימון הגנתו המשפטית (לה תרמו מנהלי חברות ביטוח, דירקטורים, אנשי עסקים ואחד, רמי לוי). אפילו חברי כנסת לשעבר זוכים לשירותיו של הנגבי: בקדנציה האחרונה ניצל לא מעט מזמנו לקידום חוק המאפשר למי שכיהן כחבר כנסת לעשות שימוש בתואר ח""כ לשעבר גם במסמכים ופרסומים.","דייוויד פדרמן/בעלי פטרוכימים/יו""ר בזן ומבעלי מכבי תל אביב",ישי מור/שותף בחברת נפט רוסית Lukoil-AIK,חן למדן/בעל השליטה בחברת השילוח והלוגיסטיקה אוריין,,,,מיכאיל מירילשווילי/מיליארדר גיאורגי-יהודי,יצחק קויפמן/איש עסקים בתחום התחבורה/העסיק את הנגבי ב–2011. מייצג בישראל את חברת הרכבות CNR ויצרנית האוטובוסים יוטונג,"איל גבאי/לשעבר מנכ""ל משרד ראש הממשלה",,,,,,,,,,
זאב אלקין,הליכוד,43,נשוי,4,"בית בכפר אלדד, גוש עציון",לא,נעדר מכלל ההצבעות בנושא,"יו""ר הקואליציה ויו""ר ועדת הכנסת הוא אחד האנשים החזקים במשכן בשש השנים האחרונות. אלקין צבר את כוחו בזכות בריתות, שליטה מרשימה בתקנונים ורשת קשרים ענפה במשק ובמזרח אירופה. בלשכתו עוברים מדי יום חברי כנסת מכל הסיעות, לוביסטים, אנשי עסקים ותורמים שלעתים הוא משדך לחברי כנסת שהוא רוצה ביקרם. אלקין נוטה להתרחק מנושאים כלכליים ומתמקד בסוגיות מדיניות כדי לקרוץ לפלח מצביעיו בליכוד, ומקווה לא לעשות טעויות שירחיקו אותו ממשאת נפשו האמיתית - משרד החינוך.","קנת אברמוביץ'/בעל קרן השקעות ויו""ר ידידי הליכוד בארה""ב",מיכאיל מירילשווילי/מיליארדר גיאורגי-יהודי,ולדימיר גוסינסקי/איל תקשורת רוסי ופעיל בקונגרס היהודי העולמי,רמי וייספיש/איש עסקים,,,"גנדי בלרוצקי/עו""ד/פעיל בולט ביהדות אוקראינה, תיווך בין אלקין לאילי הון ותורמים אחרים בתפוצות","שבח שטרן/פעיל התיישבות ויו""ר המטה הלאומי בליכוד",,,,,,,,,,,
משה יעלון,הליכוד,64,נשוי,3,וילה בישוב מכבים–רעות,לא,"התנגד לחשיפת תיקי המניות של הח״כים, נעדר משאר ההצבעות","בניגוד להצהרותיו כי ידאג לכל צורכי החברה הישראלית, יעלון מכהן כלוביסט מספר 1 של הצבא. בתקופתו המשיך לנסוק תקציב הביטחון במיליארדי שקלים, והשיח על שקיפות והתייעלות פינה את מקומו לססמאות שנועדו לשמר את המצב הקיים ולהמשיך להזרים את כספי הציבור לבורות השומן הצבאיים.","רוג'ר הרטוג/מנכ""ל חברת האחזקות סנפורד ברנסטין ומייסד קרן התקווה","קן אברמוביץ׳/בעל קרן השקעות ויו""ר ידידי הליכוד בארה""ב",אדם מילשטיין/חבר הקהילה היהודית בלוס אנג'לס/תרם גם לארדן,,,,"דוד רוזן/שופט במחוזי ת""א, חברו מימי גרעין הנח""ל","אדוארדו שובל/יזם הייטק ומנכ""ל אקסלס. תרם בעבר ליעלון/בנו, רונן, מתמודד ברשימת הבית היהודי",,,,,,http://www.themarker.com/1.2563490,<- דמו אתר,,,,
דוד ביטן,הליכוד,54,נשוי,2,דירה בנחלת יהודה,לא חשף את הונו השלם. הסכים לחשוף את נכסי הנדל״ן שברשותו: דירה בשווי כמיליון שקל בראשון לציון. 1/16 מבית ומשק עזר בנחלת יהודה ומדירה בראשון לציון,,סגן ראש עיריית ראשון לציון טיפח קשרים בליכוד עשרות שנים וכעת הוא קוצר את הדיווידנדים - התברגות ברשימה הארצית. בעבר שימש דירקטור בחברת פוספטים בנגב ובמועצה הישראלית לצרכנות.,,,,,,,ישראל כץ/שר התחבורה,"גדעון סיטרמן/לשעבר יו""ר נמל אשדוד",שפי ששון/איש עסקים,,,,,http://www.themarker.com/st/c/prod/tm/2015/02/connectionMap/conectionMap.html,,,,,
אופיר אקוניס,הליכוד,41,נשוי,2,תל אביב,לא,המתאם בין הממשלה לכנסת נעדר מכלל ההצבעות,"בכהונתו כיו""ר ועדת הכלכלה דיבר רבות על הצורך בתחרות, אך בפועל נטה לצדו של יצחק תשובה בדיונים על רפורמת ששינסקי, ולטובת חברות הסלולר כאשר משה כחלון ניסה להוריד את דמי הקישוריות. גם כשמעמדו שודרג לחבר ממשלה, נשאר אקוניס סגן שר הממונה על הקשר עם הכנסת. עיקר תפקידו הסתכם בתקיפת חברי האופוזיציה, במקום בניסיונות לייצר שיתופי פעולה סביב סוגיות כלכליות– חברתיות שיביאו לתועלת ציבורית רחבה.","שאול זכאי/יו""ר ועד האחים והאחיות","קנת אברמוביץ'/בעל קרן השקעות ויו""ר ידידי הליכוד בארה""ב",משה אדרי/מבעלי סינמה סיטי ויונייטד קינג,,,,יצחק תשובה/בעל השליטה בקבוצת דלק,נדב דואני/ראש המטה וחבר מרכז הליכוד,שי חייק/יועצו הפוליטי של נתניהו,,,,,http://www.themarker.com/1.2567409,<- כתובת סופית לאתר רגיל,,,,
גילה גמליאל,הליכוד,41,נשואה,2,"דירה בתל אביב (בשכירות, 7,700 שקל לחודש)","חשפה הצהרת הון מלאה: חסכונות בסך חצי מיליון שקל. לדבריה אין בבעלותה נדל""ן",התנגדה ונעדרה לסרוגין,"גמליאל הוכיחה בקדנציה האחרונה שהיא לא מחוברת לטייקונים ולקבלני הקולות, ומתוך הקואליציה נלחמה למען האינטרס הציבורי בשורה של רפורמות בוועדת הכספים. בניגוד לקודמיה בתפקיד רכזת הקואליציה בוועדה, לא נטלה גמליאל מכספי ""הקופה הקטנה"" שמשרד האוצר נוהג לחלק כדי להכשיר מהלכים במשכן.","חן נוימן/מנכ""ל תחום הרכב בקבוצת אלון, הוא ורעייתו תרמו 22 אלף שקל","שמעון סיבוני/מנכ""ל איסתא נכסים ומלונות","אחישי גל/מנכ""ל איסתא",,,,"רינת דנון/ עו""ד ולשעבר ראשת המטה של גמליאל",אייל רביד/בעלי רשת המרכולים ויקטורי,אביאל אברמוביץ/חבר מועצת עיריית הוד השרון ומאמן אישי,,,,,/st/c/prod/tm/2015/02/connectionMap/conectionMap.html,,,,,
דני דנון,הליכוד,43,נשוי,3,בית במושב משמרת שבשרון,לא,"התנגד לחשיפת תיקי המניות, נעדר משאר ההצבעות","בקדנציה הקודמת הגיש דנון הצעת חוק פרטית להגברת התחרות בשוק תחליפי החלב, אך בקדנציה הנוכחית זנח את הנושא הכלכלי לאחר שלמד היכן מרוחה החמאה — באמריקה. רובן המכריע של התרומות של דנון מגיעות מארצות הברית, וכך גם מעגל מקורביו. בהתאם, עיקר הנושאים שאותם הוא מקדם כיום הם ענייני חוץ וביטחון וארץ ישראל השלמה.
דנון, נשיא ועידת הליכוד ויו""ר המרכז, נחשב לאופוזיציונר תקיף לראש הממשלה ופעל בשנה האחרונה כדי לקבל שורת החלטות נגד נתניהו. בסופו של דבר פיטר נתניהו את דנון מתפקידו כסגן שר הביטחון, במהלך מבצע צוק איתן, לאחר שדנון מתח ביקורת חריפה על התנהלותו.",התרים מאות אלפי שקלים מאנשי עסקים אמריקאיים לא מוכרים,,,,,,"רון תורוזיאן/ בעל חברת יח""צ/מתמחה בגיוס תרומות ומיחצ""ן אותו בארצות הברית",מייק האקבי/לשעבר מושל ארקנסו/מראיין תכופות את דנון בתוכנית האירוח שלו בפוקס ניוז,"שבתאי קטש/עו""ד ויזם נדל""ן/פעיל מרכזי בליכוד בלוד",,,,,0AovTwC7nfGXAdDVlR2MxQzdtQ1M2Umh6T1ZkTmZXUFE,<- מפתח,,,,
בני בגין,הליכוד,72,נשוי,6,ירושלים,לא,,"בגין הונצח לרשימה ערב סגירתה על ידי ראש הממשלה נתניהו. אחרי הפוגה של שנתיים הוא חוזר לכנסת בתקווה לכיסא בממשלה, לאחר שבתפקידו האחרון כיהן כשר בלי תיק האחראי על נושאים כמו הכנת ישראל לרעידות אדמה. בשנות כהונתו זכה בגין לשבחים על יושרתו ומקצועיותו וגם על כך שעשה שימוש מצומצם בכספי הציבור ככל הניתן",,,,,,,דן מרידור/שר לשעבר,מיקי איתן/שר לשעבר,רובי רבלין/נשיא המדינה,,,,,/st/inter/prod/themarker/2014/magazine/special/70rich/mobile/index.html?key=,,,,,
יריב לוין,הליכוד,45,נשוי,3,מודיעין,לא,התנגד לכלל ההצעות,"לוין הוא פרלמנטר חרוץ, אלא שאת פירות עבודתו קוטפים בעיקר נבחרי הציבור ולא הציבור. במו ידיו טירפד הצעות לריסון שכר הח״כים והגבלת תנאיהם המשובחים. הוא עשה זאת באמצעות התרגיל השחוק של דרישה לטפל במקביל בשכר השופטים, ובאותו תירוץ סירב גם לחשוף את הונו. בין ביקור בהתנחלויות לבין קידום חוקים ולסתימת פיות, לוין גם ניסה לעקר מתוכן את הרפורמה ברשות השידור. בימים האחרונים הוא מצא את עצמו בתפקיד יו״ר ועדת חוץ וביטחון, ועדה המשמשת כחותמת גומי מספר אחת לנעשה בצבא ההגנה לישראל.",רמי וייספיש/איש עסקים,ריצ'רד אבה/מנהל חברת השקעות אמריקאית,"ג'רום פאליק/מבעלי רשת דיוטי פרי בארה""ב",,,,,,,,,,,http://www.themarker.com/st/inter/prod/themarker/2014/magazine/special/70rich/mobile/index.html?key=,<- כתובת סופית לאתר מוביל,,,,
יובל שטייניץ,הליכוד,56,נשי,3,בית דו משפחתי במבשרת,לא,נעדר מכלל ההצבעות למעט ההצעה לחשיפת ועדת השרים לה התנגד,"השר לעניינים אסטרטגיים, שהוכיח יכולת עמידה בלחצים בעת שכיהן כשר אוצר וקידם יחד עם נתניהו את חוק הריכוזיות, השקיע את השנתיים האחרונות בנושאים ביטחוניים ובשהייה בחו""ל, לרגל עניינים מסווגים. כשלא שקע בנוסטלגיה או תקף את מחליפו, אמר את כל מה שנתניהו לא העז להגיד נגד החוק למניעת חלוקתו חינם של ""ישראל היום"". הישגו המשמעותי בקדנציה הנוכחית: איחוד שני משרדים מיותרים (המשרד לעניינים אסטרטגיים ומשרד המודיעין) למשרד מיותר אחד בראשותו.
שטייניץ פוזל לתיק האוצר בקדנציה הבאה בתקווה שנתניהו יואיל להפקידו בידו לנוכח שיתוף הפעולה הפורה ביניהם. שטייניץ נחשב מיודד עם שרה נתניהו- רעיית רה""מ.",אברהם יקואל/בעלי חברת יעז/חברת הבנייה שלו מקדמת פרויקטים ברחבי הארץ בין השאר עבור משרדי ממשלה ורשויות מקומיות,חנוך מדנס/בעלים של משרד אדריכלים,,,,,גרי חכים/בעל משרד לובינג וגיסו,דוד שרן/ראש הלשכה של בנימין נתניהו/בעבר היה ראש המטה של שטייניץ,משה תאומים/בעלי גיתם,,,,,,,,,,
איוב קרא,הליכוד,60,נשוי,6,"בית בשכונה המזרחית, דלית אל–כרמל",לא,,"קרא, שכיהן בעבר כסגן שר לפיתוח הנגב והגליל, לא הותיר חותם בשנותיו הקודמות בכנסת ובממשלה. תחקיר עובדה חשף כי בתחילת 2011 בעודו סגן שר ביקר קרא באחוזה מפוארת של מיליונר גרמני שהורשע בשוחד. בביקור דובר על קידום של תכנית עסקית כלשהי. בנוסף נשמעו בעבר טענות על חוסר מקצועיות מצד אנשי משרדו.",מימון עצמי,,,,,,אולריך מרסיי/מיליונר גרמני בעלים של רשת בתי חולים ובתי אבות,שייח אמין קבלין/אביו של ראש עיריית בית ג'אן,"בועז קלי/סמנכ""ל מוסדות החינוך של חב""ד בחיפה וקריית שמואל",,,,,static/tm/2015/02/connection/image1/,<- מיקום תיקית תמונות,,,,
ענת ברקו,הליכוד,55,נשואה,3,רמת גן,לא,,"סא""ל (מיל.) וד""ר לקרימינולוגיה שחקרה את תופעת המחבלים המתאבדים. במסגרת מחקרה נפגשה עם אסירות ואסירים ביטחוניים פלסטינים בכלא הישראלי, בהם מנהיג החמאס אז, השייח יאסין. ברקו היתה חברה בכמה פורומי מחקר בהתמודדות עם טרור בשירותה בצה""ל ובמועצה לביטחון לאומי, והיא עמיתת מחקר במכון למדיניות נגד טרור במרכז הבינתחומי בהרצליה.",,,,,,,,,,,,,,,,,,,
מיקי זוהר,הליכוד,35,נשוי,4,קריית גת (בשכירות),לא,,"סגן ראש עירית קרית גת וחבר הנהלה באיגוד הכדורסל נכנס למקום ריאלי בקמפיין מצומצם בעלות של כ-50 אלף שקלים. הוא החזיק בעבר משרד תיווך בעירו. בתקשורת פורסם כי זוהר הציג עצמו כעורך דין בפורומים שונים לפני שסיים את התמחותו, וכן כי עמותת הכדורסל העירונית שעמד בראשה בהתנדבות זכתה לתמיכה מהעירייה בימיו כחבר מועצה.",מימון עצמי וגיוס שלא הושלם,,,,,,יחיאל זוהר/ראש עיריית נתיבות,אבירם דהרי/ראש עיריית קרית גת,פיני סבח/איש עסקים וחבר בליכוד,שמעון אמסלם/איש עסקים וחבר ברשימתו של זוהר למועצת העיר,,,,themarker.com,<- בחירת צבע עיצובי,,,,
דוד אמסלם,הליכוד,54,נשוי,2,מעלה אדומים,לא,,"אמסלם, לשעבר יו״ר הליכוד בירושלים, היה אמור להיות מספר 2 של משה ליאון — אם האחרון היה נבחר לראשות עיריית ירושלים. לאחר הבחירות פרש אמסלם מתפקידו כמנהל אגף שפ""ע בעירייה, והתמודד לתפקיד מנכ""ל מע""צ שם התקדם עד השלב האחרון (שטרם הוכרע) תפקיד עצום החולש על פרויקטים בסדר גודל של 40 מיליארד שקל.",יצחק קויפמן/איש עסקים בתחום התחבורה,אסתר חנה קויפמן/התמודדה על מקום במועצת סניף הליכוד בירושלים,,,,,"משה ליאון/רו""ח ולשעבר מנכ""ל משרד ראש הממשלה",אלכסנדר גרנובסקי/בעל השליטה בחברת בי.ג'י.אי ולשעבר חבר פרלמנט אוקראיני/מינה את אמסלם לדירקטור בחברת יבוא המזון ויליפוד,,,,,,,,,,,
ציפי חוטובלי,הליכוד,37,נשואה,,"דירה ברחובות (בשכירות, 4,000 שקל לחודש)","דיווחה על חסכונות ""בסך כמה עשרות אלפי שקלים""","נעדרה משלוש מההצבעות, התנגדה להצעה לחשיפת האינטרסים של חברי הכנסת","העיתונאית לשעבר לא הביאה בשורה של ממש לציבור בשש שנותיה בכנסת ובממשלה. חוטובלי התבלטה בעיקר בעמדותיה בנושא הסכסוך, ולא הצליחה להוביל מהלכים כסגנית שר התחבורה (וכעת גם המדע) ולפני כן כיו״ר הוועדה למעמד האישה בכנסת ה-18.",,,,,,,"דן מרגלית/עיתונאי ""ישראל היום""",אברהם נניקשווילי/איש עסקים,,,,,,,,,/st/inter/tests/tzafrir/2014/may/70Rich/desktop/index.html?key=,,
יואב קיש,הליכוד,46,נשוי,3,"בית בשיכון ותיקים, רמת גן. לדבריו אינו מחזיק בנדל""ן נוסף",לא,,טייס אזרחי בחברת אל על. בעבר היה מושקע בחברות ביוטק וסטארטאפים דרך חברת אחזקות שעליה ייאלץ כעת לוותר. הוא מקווה להתמנות לוועדת הכספים ולדבריו להוביל חוקים דוגמת החוק להגברת התחרותיות (וצמצום הריכוזיות).,"יצחק שרם/לשעבר משנה למנכ""ל קונצרן כלל, תרם 5,000 שקל/סכום גבוה יחסית לשאר התרומות שגייס קיש",,,,,,עמרי וגלעד שרון/בניו של ראש הממשלה המנוח דרכם השתלב בליכוד/אמו של קיש היתה חברתה הקרובה של לילי שרון,יועז הנדל/עיתונאי,,,,,,,,,http://www.themarker.com/st/inter/tests/tzafrir/2014/may/70Rich/desktop/index.html?key=0AovTwC7nfGXAdDVlR2MxQzdtQ1M2Umh6T1ZkTmZXUFE,<- לינק למפתח דסקטופ,
ז׳קי לוי,הליכוד,55,נשוי,7,בית שאן,לא,,"כבן ל""משפחת קנדי"" הבית שאנית, ז'קי לוי מרושת היטב. בנו של השר לשעבר דוד לוי ואחיה של ח""כ אורלי לוי–אבקסיס מחובר למרכז השלטון המקומי ולחברות הבנות באמצעות קשרי משפחה וחברים. לוי הוא ראש עיריית בית שאן לשעבר - עברו כראש עיר כלל שורה של האשמות למינויי מקורבים ובזבוזי כספי ציבור.",תאופיק דראושה/בעלים של חברת בנייה/חברת הבנייה הגדולה מצפון הארץ זכיינית של החברה למשק וכלכלה ומפעל הפיס,"אילן מירון/עו""ד/תרם גם לדני עטר מהעבודה בבחירות הקודמות",,,,,"חיים ביבס/יו""ר השלטון המקומי/השניים בני דודים","שאול מזרחי/יו""ר החברה למשק וכלכלה של השלטון המקומי",שוקי טייב/לשעבר העוזר האישי של לוי,,,,,"מי התורמים, המלחששים והמקורבים של **. פרויקט מיוחד של TheMarker Magazin",<- שיתוף פייסבוק אישי,,,<- לינק למפתח מובייל,
חיים כץ,הליכוד,67,נשוי,3,"בית פרטי בשוהם
",לא,נעדר משלוש הצבעות והתנגד לחשיפת תיקי המניות,"כץ הוא יו""ר ועדת הרווחה בכנסת, אך במקביל לתפקודו כח""כ הוא משמש גם כיו""ר ועד עובדי התעשייה האווירית בחל""ת. כץ חובש באין מפריע את שני הכובעים האלה. הדבר עורר את זעמו של אורי יוגב מנהל רשות החברות הממשלתיות, אך אפילו הוא לא הצליח להכניע את הדירקטוריון של התעשיה האוירית לבטל את החל""ת של כץ. גם חברי הכנסת מגנים על האיש החזק בתעשיה האוירית: בעבר איפשרה לו ועדת האתיקה של הכנסת, אז בראשות מקורבתו שלי יחימוביץ, להמשיך ולשהות בחל""ת ממושך - כך שלכץ אין מה לדאוג, הוא יכול גם בקדנציה הבאה להחזיק בשני הכובעים. כיצד הדבר משפיע על תיפקודו כח""כ? על כך אולי צריכים להשיב עובדי תעשייה אוירית שמתייצבים כמו חיילים בכל פעם שיש בחירות מקדימות בליכוד. כוחו בליכוד קטן לאחרונה אך כץ שמאוהב בתפקידו כיו״ר ועדת העבודה והרווחה לא מודאג. כנראה גם בקדנציה הקרובה ימשיך בתפקידו ויילחם למען ציבור העובדים החוסך והרחב כשהמצלמות דולקות, ולמען האינטרסים האישיים שלו ושל העובדים המחוברים יותר כשהן כבויות.",,,,,,,"קובי מימון/לשעבר יו""ר תאגיד ישרמאקו","לאה נס/עו""ד/לשעבר סגנית שר",אלי כהן/מבכירי ועד התעשייה האווירית,,,,,"התורמים, הבתים, ההון והמקורבים: כל מה שצריך לדעת על ** בבחירות הקרובות. פרויקט מיוחד של TheMarker",<- שיתוף טוויטר אישי,,,,
יצחק הרצוג,המחנה הציוני,54,נשוי,3,קוטג׳ בשכונת צהלה בצפון תל אביב,"חשף חלקית את הונו המוערך בכ-10-11 מיליון שקל: ערך ביתו 7–8 מיליון שקל; בבעלותו זכויות על קרקע ב""גוש הגדול"" בתל אביב ששטחה לא פורט (ביחד עם אמו); פיקדונות בבנקים וקופות גמל: כ–3.2 מיליון שקל",תמך בשלוש מההצעות. נעדר מההצבעה לחשיפת ועדת השרים,"הרצוג הוא בן לאליטה ישראלית וותיקה (חיים הרצוג אביו, אבא אבן דודו). באופיו נחשב הרצוג לאיש של פשרות – וזה היסוד לתדמית החנון שהדביקו לו יריביו. בניגוד לקודמתו יחימוביץ', הטיקט של הרצוג הוא מדיני ולא כלכלי-חברתי ונראה כי אין לו עמוד שדרה אידיאולוגי מוצק בתחום זה, לא כל שכן להט לחולל בו שינויים. הניסיון הבולט ביותר של הרצוג הוא כשר הרווחה, תפקיד בו כיהן בין השנים 2007 ל 2011. הרצוג נחשב לשר מוצלח יחסית, מי שהרחיב את מגוון שירותי הרווחה שהמדינה נותנת. ואולם, בד-בבד הוא הרחיב גם את המגמה הקלוקלת של שירותי הרווחה בישראל- מתן אותם שירותים באמצעות הפרטת שירותי הרווחה. זאת, בדרך-כלל על-ידי עמותות של המגזר השלישי המשמשות כקבלני משנה של משרד הרווחה. 
המוטיביציה (או העדרה), של הרצוג לשנות סדרי עולם בתחום החברתי-כלכלי, תלויה גם לא מעט במקום שממנו הוא בא. הדימוי של הרצוג, ובמידה רבה של צדק, הוא של ילד שמנת, כפי שמעידה היטב הצהרת ההון שחשף (צעד מבורך בפני עצמו). להרצוג, יש גם לא מעט חברים במגזר העסקי, בין היתר בחברת טבע ובזכות קשרים שצבר במשרד הרצוג-פוקס-נאמן. הוא גם מקושר היטב במרכז מפלגת העבודה ובהסתדרות. החיבור להסתדרות מבטיח שהרצוג יעמוד לצד העובדים במשק, מטרה חשובה בכלל, ובפרט שמדובר במפלגת העבודה. אך השאלה האם ידע לעמוד מול הוועדים במקומות בהם כוחם מוגזם כמו בנמל אשדוד וחברת החשמל. 
מעניין גם יהיה לבחון את הגיבוי שהרצוג יעניק בכל הנוגע ליחסים עם ההון הגדול. האם הרצוג, כשר כלכלי בכיר, יתמוך בחקיקה משמעותית להגבלת שכר הבכירים בבורסה או בצעדים אחרים שיפגעו בלקוחות של המשרד שבו עבד בעבר, הרצוג-פוקס-נאמן ? הרצוג טוען כיום שאין קשר בינו לבין המשרד, אחד הגדולים והמקושרים במשק, אך אם יקבל תפקיד ביצועי בכיר, חובת ההוכחה תהיה עליו. 
על גבו של הרצוג,תלוי קוף – פרשת העמותות מ-1999, עת היה אחד הפעילים המרכזיים בקמפיין אהוד ברק לראשות הממשלה, אך שתק בחקירת המשטרה לאחר מכן. הרצוג התנצל על שתיקתו, אך עדיין לא ברור האם הכתם הזה ילווה אותו גם בעתיד. 
*התורמים המופיעים כאן תרמו לו בעבר",דוד קוליץ/איש עסקים,ישראל גרידינגר/מבעלי תיאטראות ישראל,מיכאל לוי/יבואן רכבי פיאט לישראל,המיליונר דניאל אברמס,אריה סבן/אחיו של המיליארדר חיים סבן,דיוויד אסיא/מייסד חברת התוכנה מג'יק,"אבי ניסנקורן/יו""ר ההסתדרות",אייל שויקי/ראש המטה ואחד האנשים המקורבים ביותר להרצוג,,,,,,,<- לינק לשיתוף,,,,
ציפי לבני,המחנה הציוני,56,נשואה,2,בית בן חמישה חדרים ברמת החייל בתל אביב,"חשפה את הונה. שווי נכסים מוצהר כ-10 מיליון: בית בתל אביב: 5–4.5 מיליון שקל ; קופות גמל וקרנות השתלמות: 2.5 מיליון שקל; תיק ני""ע: 2.5 מיליון שקל; יתרת עו""ש: 34 אלף שקל ובנוסף חלקים ב-2 דירות ובמגרש שלא דווח ערכם.","הצביעה נגד חשיפת תיקי המניות, נעדרה משאר ההצבעות","בקדנציה האחרונה פעלה לבני למען השקיפות השלטונית ונלחמה להתרת קשרי ההון–שלטון בקרב חבריה לשולחן הממשלה: ביקשה לחשוף את אופן הצבעות השרים בועדת השרים לחקיקה ונהגה לפרסם את אופן הצבעותיה בהצעות חוק פרטיות (אולם, מזכיר הממשלה סירב לאפשר את חשיפתן); היא גם גיבשה קוד אתי חדש לשרי הממשלה, שהוגש ביום האחרון לכהונתה בתפקיד ויחד עם הרצוג התחייבה לבני באחרונה לבטל החל מהממשלה הבאה את חלוקת ה""כספים הקואליציוניים"". נראה כי הקרע בינה לבין נתניהו פרץ על רקע תמיכתה בחוק ""ישראל היום"" שאושר בקריאה טרומית.
הדיל שרקמה עם הרצוג הצליח למצב את לבני במקום מרכזי במפה הפוליטית, לאחר שסקרים ניבאו גורל מר ל""התנועה"" בראשותה. לבני נשואה לפרסומאי נפתלי שפיצר. לאחרונה נשמעו תלונות על מעורבותו בקמפיין ""המחנה הציוני"" למורת רוחם של בכירים במפלגת העבודה (במטה לבני אומרים כי הוא לא מקבל כל תקציב מהקמפיין ""ומשתדל לעזור מעת לעת ככל שיכול לתרום מניסיונו""). לבני ושפיצר מקורבים ללא מעט אנשי עסקים במשק. בסוף 2008 בפריימריס על ראשות קדימה גייסה לבני 2.8 מיליון שקלים.
* רשימת התורמים המופיעה כאן תרמה לליבני בעבר",נועם לניר/איש הייטק ויזם*,"דוב לאוטמן ז""ל/תעשיין ואיש עסקים*","דספינה שרמיסטר/רעייתו של יגאל שרמיסטר מחברת ""השמירה""*",צ'ארלס ברונפמן/איל הון ובעל השליטה היוצא של דיסקונט*,"נחום פיינברג/עו""ד*",,ארנון מילצ׳ן/מפיק הוליוודי,צ'ארלס ברונפמן/ איל הון יהודי–קנדי,דוד ומיכל פורר/ בעלי קבוצת ניאופרם,יצחק נזריאן/מיליארדר יהודי ומייסד פורום לשינוי שיטת הממשל בישראל,,,,,,,,,
שלי יחימוביץ',המחנה הציוני,54,גרושה,2,דירה בתל אביב,חשפה את הונה. דירה בשווי 2–2.5 מיליון שקל; חסכונות בגובה כ–480 אלף שקל,"הצביעה בעד שלוש מההצעות, נעדרה מההצבעה לחקיקת חוק שיאפשר תיעוד חופשי של ישיבות מועצה","יחימוביץ' היא אולי הסוציאל–דמוקרטית הבולטת במפלגת העבודה, מחוקקת חברתית מצטיינת שעל שמה רשומים חוקים רבים כמו חוק הקופאיות, חוקים להגנה על עובדי קבלן וטקסטיל מתוצרת הארץ. למעשה אפשר לומר שיחימוביץ הטביעה עם בחירתה לכנסת ב-2003 את השיח החברתי כלכלי כקודם לנושאי הביטחון. עם זאת נטייתה להגן על ועדי עובדים בכל מחיר מכשירה לעתים גם שרצי אי צדק, בעיקר במונופולים הממשלתיים. אמונתה כי יש לצמצם את פערי השכר בין המנהלים לעובדים - גם באמצעות שכר חלומי למנופאים, למשל, עלולה להוביל לכך שלא תיתן את ידה לרפורמות להבראת המשק. 
הדחתה מראשות מפלגת העבודה בסוף 2013 נבעה בעיקר מהתנגדות אישית כלפיה ובעיקר לנוכח הכרזותיה ערב הבחירות האחרונות שלא תצטרף לממשלה. ערב הפריימריס במפלגתה היא העניקה ""חיבוק דוב"" ליו""ר הרצוג ואף תמכה בהתמודדות המשותפת עם ""התנועה"". כעת, לאחר שזכתה במקום הראשון בפריימריס, במפלגתה היא תדרוש תיק כלכלי בכיר בממשלה אם מפלגתה תהיה שותפה בה, וזאת לאחר שתיק האוצר כבר הובטח לפרופ' מנואל טרכטנברג. עם טרכטנברג יש לה חילוקי דעות לגבי כמה מסעיפי התוכנית הכלכלית שהציג- ואותם נשמע בוודאי לאחר הבחירות אם ינסה לממשם. רוב התורמים שלה הם קטנים שתרמו לה מאות שקלים. *במערכת הבחירות הקודמת תרם לה גם איש העסקים דיוויד פדרמן
",דורון צברי/במאי,"יעל דיין/ח""כ לשעבר",דיוויד פדרמן/איש עסקים*,,,,עופר קורנפלד /יזם הייטק,אבנר סטפק/מבעלי בית ההשקעות מיטב דש,שלום קיטל/איש תקשורת ויועץ אסטרטגי,,,,,,,,,,
סתיו שפיר,המחנה הציוני,29,רווקה,,"דירה בשכירות (4,600 ש""ח לחודש) בתל אביב",חשפה את הונה. חסכונות בסך כ–340 אלף שקל,תמכה בכל הצעות החוק,"שפיר מתמקדת בחשיפת הדילים התקציביים האפלים שסוגרים עמיתיה למשכן עם משרדי הממשלה, ומשתדלת לבלום אותם בכוחה המוגבל כחברת אופוזיציה. קמפיין התרומות הקטנות, בתוספת הדלק שבו מציידים אותה פעילי המחאה, ממצבים אותה כנציגת הציבור הרחב וחסר הלוביסטים במשכן. שפיר מצליחה להפוך נושאים כמו שקיפות והעברות כספים לאטרקטיביים ולעורר בהם עניין ציבורי. כמו כן קידמה כמה חוקים ובהם חוק להגנה על שוכרי דירות. השאלה אם כעת, לאחר שהתברגה בראש הרשימה, תקדיש את מרצה גם לנושאים שמושכים פחות לייקים כמו מס חברות דיפרנציאלי שמושפע מהכנסות התאגידים, פנסיה תקציבית, תקציב משרד הביטחון ורפורמות בשירות הציבורי *התרומות שקיבלה שפיר הן קטנות ונאספו מכ– 1540 איש",דורון צברי/במאי,"תומר פרסיקו/ד""ר",שמואל הספרי/מחזאי,אלון נוימן/שחקן,,,משה דבי/יועץ תקשורת,אלון פילץ/מבעלי דיזנגוף סנטר,עוזי ברעם/שר לשעבר,,,,,,http://htz.li/1lhTkZt,,,,
איציק שמולי,המחנה הציוני,34,רווק,,"דירה בשכירות (2,200 שקל לחודש) בלוד",חשף את הונו. חסכונות: 60 אלף שקל,תמך בארבע הצעות החוק,"בכהונתו עסק שמולי - שלא מפספס אף יום במשכן - בתנאי חיילי המילואים ובסוגיות כמו דיור לצעירים ופנסיה סיעודית לקשישים. רוב המאבקים האלה נידונו להיכשל עקב שיוכו לאופוזיציה, כנראה גם שמולי הבין זאת - חלק ניכר מזמנו בשנה האחרונה הוקדש לשיחות עם פעילי המפלגה ולטיפוח מעמדו המתחזק בה.שמולי זכה לאינספור תמונות וכותרות חיוביות וליחסי ציבור נאים בעיתון ידיעות אחרונות. במקביל הביע שמולי תמיכה פומבית בחוק ""ישראל היום"". שמולי קיבל בעבר תרומה שנויה במחלוקת מחברת אי.די.בי תחת שליטת נוחי דנקנר, לפרויקט שיזם בלוד. הוא מקורב לראשי ההסתדרות ולאבי ביתן שמחזיק במכללות פרטיות.",אבי ביתן/יזם בתחום החינוך,חן למדן/בעל השליטה בחברת השילוח והלוגיסטיקה אוריין,אחישי גל/מנכ״ל איסתא,,,,"בנימין בן אליעזר/שר וח""כ לשעבר","אופיר פינס–פז/מנכ""ל המכון לחקר השלטון המקומי ושר לשעבר",,,,,,,,,,,
עמר בר לב,המחנה הציוני,61,נשוי,3,בית בכוכב יאיר,"לא חשף את הונו השלם. הסכים לחשוף את נכסי הנדל״ן שברשותו:
מחזיק בבית ומגוריו ובבית נוסף בשדה אליעזר (משכנתא ל–10 שנים)",תמך בכל הצעות החוק,"עטוף בשמיכת תורמים יוצאי סיירת מטכ""ל ואנשי עסקים מתחום הנדל״ן, דהר בר לב לעשירייה הראשונה של המחנה הציוני. בקדנציה האחרונה ניסה להוביל אג'נדה לריסון תקציב הביטחון ולקידום תוכנית תקציבית רב שנתית. הוא מתמקד בתחום המדיני, אך גם שואף לקדם פנסיה ממלכתית ולהטמיע בישראל את מודל החיסכון הצ'יליאני — שתי סוגיות שסביבן נועד כמה פעמים עם הממונה על הביטוח, דורית סלינגר. אפשר להניח כי מינויו של ידלין למועמד הרשימה לתפקיד שר הביטחון הוא מהלומה פוליטית עבור בר לב","אילן שילוח/איש עסקים, יו""ר מקאן תל אביב","גיורא ארדינסט/מבעלי משרד עוה""ד ארדינסט, בן נתן ושות'","דורון קמפל/איש עסקים, יוצא סיירת מטכ״ל",,,,"ניסים דואק/יועץ תקשורת ואסטרטג, הבעלים של משרד ייעוץ תקשורת יוניק","אופיר פינס–פז/מנכ""ל המכון לחקר השלטון המקומי ושר לשעבר",,,,,,,,,,,
יחיאל (חיליק) בר,המחנה הציוני,39,נשוי,2,"דירה בשכירות בשכונת בקעה בירושלים
",חשף את הונו: חסכונות 800 אלף שקל,"תמך בשלוש הצעות, נעדר מההצבעה לחשיפת ועדת השרים","מזכ״ל העבודה, נושא דגל רעיון שתי המדינות במפלגתו, ניסה לקדם חוק להגנה על שוכרי דירות (עם סתיו שפיר). מתכוון לכבוש את משבצת יקיר הפריפריה, לצד קידום חוקים שיאפשרו דמוקרטיה ישירה.",,,,,,,"אופיר פינס/מנכ""ל המכון לחקר השלטון המקומי ושר לשעבר","מיכה חריש/לשעבר שר ומזכ""ל מפלגת העבודה",ניר ברקת/ראש עיריית ירושלים,,,,,,,,,,
עמיר פרץ,המחנה הציוני,62,נשוי,4,בית בשדרות,"חשף את הונו. בנוסף על בית מגוריו, דירה נוספת בבת ים בשווי 450 אלף שקל, הלוואות: כחצי מיליון שקל חסכונות: 200 אלף שקל",נעדר מכלל ההצבעות בנושא,"עמיר פרץ, אחד הח""כים והשרים החברתיים בכנסת, ששייט בכנסת בין כמה מפלגות: הוא עבר ממפלגת העבודה ל""עם אחד"", בחזרה ל""עבודה"" ומשם ל""התנועה"" וכעת מתמודד ברשימה משותפת עם העבודה ב""מחנה הציוני"". פרץ, המכהן בכנסת מ-1988 למעט שנה הפסקה, היה גם במהלך התקופה יו""ר ההסתדרות, שנלחם במשך שנים להעלאת שכר המינימום. כשר ביטחון ויו""ר העבודה, אומנם צולם ב""שטח"" כשהוא מביט במשקפת שהעינית בה סגורה, וזכה להרבה צחוקים ב""ארץ נהדרת"" אבל קידם את ""כיפת ברזל"". כשר להגנת הסביבה היתה כהונתו חיוורת לעומת זו הנמרצת של קודמו בתפקיד, גלעד ארדן. לזכותו של פרץ, יש לציין כי אינו נמנה כקודמו על מפלגת השלטון, ולא קלים חייו של שר מסיעת מיעוט. פרץ הפסיד במאבק על תקציב משרדו, אבל הוציא לדרך את חוק מיחזור פסולת אלקטרונית – ולפני שהתפטר, כמעט הספיק להביא לצמצום השימוש בשקיות פלסטיק.",,,,,,,"אלי אלעזרא/בעל השליטה בהכשרת היישוב, חברת הליסינג אלבר וחברת הבנייה אפרידר","סמי שושן/ גיסו של פרץ/קבלן קולות בעבודה, ראש מועצת מצפה רמון לשעבר",ציון אמיר/עורך דין פלילי,,,,,,,,,,
מרב מיכאלי,המחנה הציוני,48,בזוגיות,,דירה בתל אביב,"חשפה את הונה. דירה שקיבלה בירושה, בבעלות משותפת עם אמה. חסכונות: כ–146 אלף שקל. שווי כולל: 1.6 מיליון שקל",תמכה בשתי הצעות ונעדרה משתיים (חשיפת ועדת השרים ותיעוד חופשי של ישיבות מועצה),"למיכאלי היתה כהונה משמעותית בוועדת הכספים, וחרף שיוכה לאופוזיציה הצליחה להחדיר שינויים לרפורמות שהגיעו לשולחנה, לרבות חוק הריכוזיות. אפילו יריביה ופקידי האוצר מחמיאים לה ומדברים בשבח יכולתה לרדת לפרטים ולהתעמק. עם זאת, אחד מהחוקים שניסתה להעביר הרים גבות בכנסת: ההצעה ביקשה להוריד את הרף הדרוש להבאת העברה תקציבית בפני ועדת הכספים. מיכאלי טוענת כי החוק יגביר את עצמאות משרדי הממשלה, אולם בכנסת משוכנעים כי הוא למעשה יפחית את היכולת של חברי הכנסת לפקח על תעלולי השרים, ויסלול את הדרך לקומבינות נוסח ישראל ביתנו.",צ׳רלס קרמר/חבר דירקטוריון ג׳יי סטריט,"שמעון שבס/לשעבר מנכ""ל משרד ראש הממשלה",ירון גינדי/ נשיא לשכת יועצי המס,,,,מיה בנגל/יועצת לשרת המשפטים לשעבר ציפי לבני,"בנימין בן אליעזר/לשעבר שר וח""כ בעבודה",,,,,,,,,,,
איתן כבל,המחנה הציוני,55,נשוי,2,בית בראש העין,חשף את הונו. שווי ביתו כ–1.25 מיליון שקל; חסכונות: כמיליון שקל; הלוואות: כ–470 אלף שקל,"תמך בשלוש מההצעות, נעדר מההצבעה לחשיפת ועדת השרים","כבל התברג כבל בצמרת חברי הכנסת החברתיים במשכן. הוא עונה בעצמו לפניות הציבור, ומקדם חקיקות נקודתיות חברתיות (למשל סיוע למנותקי מים וחשמל) לצד טיפול בנושאי מקרו כמו צמצום פערי השכר. בפריימריז האחרונים הדרדר למקום העשירי בלבד. המהלך שמשך הכי הרבה אש לכיוונו של איתן כבל השנה היה ניסיון לחוקק חוק שיכפה על ""ישראל היום"" להפסיק לחלק את גיליונותיו חינם. הצעת חוק זו ביססה קשר חזק בין כבל לבין קבוצת ""ידיעות אחרונות"" של נוני מוזס, ומנגד סימנה אותו בקבוצה המתחרה של שלדון אדלסון כאויב המדינה. לצד זאת, כבל העניק את התמיכה מהאופוזיציה שאיפשרה את רפורמת הסגירה-פתיחה של רשות השידור.","שרון תוסיה כהן/מנכ""ל חברת ההשקעות מרתון","אברהם פרחי/יו""ר שפ""מ","אריה נייגר/עו״ד/ראש תחום לטיגציה בעמית, פולק, מטלון ושות'",,,,ליאור רוטברט/מנכ״ל ספוט תקשורת,בועז כבל/אחיו/מכהן כיועץ בכיר לחיים ביבס יו״ר השלטון המקומי,"רן מלמד/סמנכ""ל עמותת ידיד ופעיל חברתי",,,,,,,,,,
מנואל טרכטנברג,המחנה הציוני,64,נשוי,3,דופלקס בנאות אפקה,"חשף את הונו. כ-10 מיליון שקל. 4.6 מיליון שקל בחסכונות, קרנות פנסיה והשתלמות, נאמנות, פק""מ וחשבון בארה""ב",,"יו""ר הוות""ת לשעבר, שהשתכר כ–69 אלף שקל בחודש, עמד בראש הוועדה לשינוי כלכלי–חברתי שהוקמה בעקבות מחאת האוהלים. בשנים האחרונות צפה בממשלה ובכנסת המעלות באש חלקים נרחבים מהדו""ח חסר התקדים שהפיקה הוועדה, וכעת הוא מגיע למשכן עם הרבה יוזמות לפירוק שווקים אוליגופולים, עם התוכנית הכלכלית שניסח עבור מפלגת העבודה, ברוח עקרונות הוועדה ובלי חובות לאיש - להוציא הרצוג ולבני. עם זאת ייתכן שיתקשה לקבל שיתוף פעולה מחבריו לרשימה, מהם זכה לביקורת ולקריאות בוז בועידת מפלגת העבודה",,,,,,,"ד""ר שלומי פריזט/לשעבר הכלכלן הראשי של רשות ההגבלים העסקיים",דרור שטרום/לשעבר הממונה על ההגבלים העסקיים,"איל גבאי/לשעבר מנכ""ל משרד ראש הממשלה",,,,,,,,,,
אראל מרגלית,המחנה הציוני,54,נשוי,3,דירה בירושלים,"לא. לפי ""פורבס"" שוויו מוערך ב–220 מיליון שקל","תמך בהצעה לחשיפת תיקי המניות, נעדר מהשאר","למרות שהתגייס להחמרת חוק הריכוזיות, וקידם חקיקה לחשיפת הדו""חות הכספיים של מונופולים פרטיים, נבחר אראל מרגלית לח״כ הכי פחות חברתי מבין המתמודדים בעבודה. זאת, כנראה משום שנעדר משורה של הצבעות בנושאים חברתיים–כלכליים. מייסד קרן הון הסיכון העשיר, שאינו זקוק לקשרים וג'ובים עתידיים, מבטיח להילחם ביוקר המחיה בקדנציה הבאה.",ריצ'רד סנדלר/משקיע ופילנתרופ,מייקל שטיינהרדט/מנהל קרנות גידור מניו יורק,צ׳רלס ברונפמן/איל הון קנדי,,,,"אמיר לובין/ לשעבר יו""ר הפועל תל אביב","ישראל כהן/יועץ פוליטי ויו""ר המכון לחקר קרקעות בקק""ל",,,,,,,,,,,
מיקי רוזנטל,המחנה הציוני,59,נשוי,3,גבעתיים,"העריך את הונו בכ-7 מיליון שקל, אך לא פירט אותו",תמך בארבע הצעות החוק,"ה""בולדוזר"" שעבר מהתקשורת לכס המחוקק במשכן, פעל נגד קשרי הון שלטון, ונלחם בועדת הכספים להחרפת חוק הריכוזיות. יוצר הסרט ""שיטת השקשוקה"" על ""האחים עופר"" דרש בין היתר בכנסת שאזרחי ישראל יהנו יותר ממשאבי הטבע שלהם, עמד בראש צוות שניסח מחדש את הקוד האתי של חברי הכנסת, אלא שההמלצות עוכבו לבסוף על ידי הח""כים עצמם. רוזנטל מתח בקורת כעיתונאי על התנאים המופלגים של חברי הכנסת אבל כמחוקק סירב לחשוף את הצהרת ההון שלו. בד בבד הגיש הצעת חוק לחשיפת האינטרסים הכלכליים של חברי הכנסת שטרם קודמה. מאז היותו עיתונאי שינה את עמדתו גם לגבי סוגיית עיתון ""ידיעות אחרונות"" - בהיותו עיתונאי טען כי העיתון לא משרת את האינטרס הציבורי אלא את האינטרסים של המו""ל נוני מוזס. כעת עם התחממות הגזרה בין נתניהו למו""ל מוזס, סבור רוזנטל כי מוזס ""רשאי לעשות בעיתון כרצונו"". הצעותיו להרחבת ההגנה על חושפי שחיתויות נפלה בועדת השרים לחקיקה וערב הבחירות, והוא נהדף על ידי ""ישראל ביתנו"" בקידום חוק שיגביל את העמלות של החברות למימוש זכויות רפואיות. הקרב ימשך בקדנציה הבאה.",,,,,,,"אופיר פינס-פז/ מנכ""ל המכון לחקר השלטון המקומי ושר לשעבר",רביב דרוקר/עיתונאי ערוץ 10,,,,,,,,,,,
רויטל סוויד,המחנה הציוני,47,נשואה,4,דירה ברעננה,לא,,"עורכת דין המתמחה במשפט פלילי ייצגה בעבר משפחות ששמן נקשר בעולם התחתון. היא מחוברת היטב לפרקליטי הצמרת של המדינה, וכעת גם למוקדי הכוח במחנה הציוני שסייעו לה להתברג ברשימה ולעקוף מועמדים ותיקים הרבה יותר.",,,,,,,"יורם מרציאנו/ח""כ לשעבר",מרב גרינברג/שופטת שלום,ששי גז/עורך דין,,,,,,,,,,
דני עטר,המחנה הציוני,57,נשוי,3,בית ביישוב גן נר,"לא חשף את הונו השלם. הסכים לחשוף את נכסי הנדל״ן שברשותו:
מחזיק רק בדירת מגוריו",,"ראש המועצה האזורית הגלבוע מגיע לכנסת במטרה לחזק את הפריפריה. במקביל לפעילותו כראש המועצה זכה דני עטר לככב בדו""חות מבקר המדינה ואף נחקר במשרדי יאח״ה בחשד למרמה והפרת אמונים, אך התיק נסגר. כמו כן, נקנס בעבר על ידי המבקר בשל אי ניהול חשבוניות כנדרש ואי דיווח של תרומות, והסתכסך עם המבקרת הפנימית של המועצה.",,,,,,,"בועז כבל/יועץ פוליטי, אחיו של ח""כ איתן כבל","רענן כץ/בעל מתחמי נדל״ן בארה״ב, לשעבר אחד מבעלי קבוצת הכדורסל מכבי ת""א","ששי יעקב/לוביסט ויזם נדל""ן",,,,,,,,,,
יואל חסון,המחנה הציוני,42,נשוי,1,בית בראשון לציון,"חשף את הונו - כ-5 מיליון שקל: פולקסווגן גולף שנת 2013 (140,000); דירה בתל אביב )שוויה 2,800,000); בית בראשלצ (שוויו כ-4,000,000), פנסיה (1,400,000), משכנתאות והלוואות (3,000,000) ועו""ש (10,000 בחובה)",,"חבר בשתי הכנסות הקודמות - שבימיהן נחשב לפרלמנטר חרוץ, בעיקר בתפקידו כיו״ר ועדת ביקורת המדינה. אחרי התרסקות קדימה הקים חברות פרטיות המספקות יעוץ וקשרי ממשל, ומציעות בין היתר לחברות פרטיות היכרות עם הממשל ומשרד מבקר המדינה באמצעות מומחים ובכירים לשעבר מהמגזר הציבורי. לדבריו בימים האחרונים החל להעביר את מניותיו בהן לשותפיו העסקיים",,,,,,,ראובן אדלר/פרסומאי,"הרב יעקב איפרגן/""הרנטגן""",צח בורוביץ'/לוביסט לשעבר,,,,,,,,,,
זוהיר בהלול,המחנה הציוני,64,אלמן,3,דירת 4 חדרים בעכו,"לא חשף את הונו השלם. הסכים לחשוף את נכסי הנדל״ן שברשותו:
מחזיק רק בדירת מגוריו",,"בהלול מחזיק בידע מועט על האופן שבו הכנסת מתנהלת ועדיין, העיתונאי הוותיק מגיע עם רקורד נקי והרבה תקוות לשפר את הדו–קיום הישראלי ולסייע למיעוטים.",,,,,,,ד״ר אחמד בדראן/רופא וחבר ילדות,"יוסי פיטוסי/ניהל את מתנ""ס עכו וחבר מועצה לשעבר מטעם צומת",אדוארד מטר/איש עסקים חיפאי,,,,,,,,,,
איתן ברושי,המחנה הציוני,55,נשוי,5,קיבוץ גבת,לא,,"יו״ר התנועה הקיבוצית, שהיה מזכיר קיבוץ גבת וניהל בשעתו את הקמפיין של יצחק רבין בקיבוצים, מגיע לכנסת כדי לקדם את הלובי החקלאי וההתיישבות בנגב ובגליל. ברושי הוא גם דירקטור במגוון קבוצות ולשעבר בכיר במפעל הפיס. מבקר המדינה ציין כי היה חלק מקבוצת אנשים שהעבירה תמיכות לפעילויות במקומות מגוריהם או לגופים שהם קשורים אליהם. ביקורת לא מבוטלת הופנתה כלפי הרשימה על כך ששוב הוצב בה קיבוצניק לפני איש פריפריה מזרחי, כמו יוסי יונה למשל","יונתן בשיא/יו""ר איגוד התעשייה הקיבוצית","בדיע טנוס/קבלן, בעלי חברת הנדל""ן ב.ס.ט","נדב סונברג/מנכ""ל ובעלים של חברת דגני אלון וחבר במזכירות תנועת המושבים",,,,אבי ניסקורן/יו״ר ההסתדרות,מוטי ששון/ראש עיריית חולון,מאיר צור/מזכיר תנועת המושבים,,,,,,,,,,
מיכל בירן,המחנה הציוני,36,רווקה,,"דירה בשכירות (5,300 שח) בירושלים",חשפה את הונה. חסכונות בגובה 290 אלף שקל,"תמכה בשלוש מההצעות, נעדרה מההצבעה לחשיפת ועדת השרים","בת טיפוחיה לשעבר של שלי יחימוביץ׳; אחיה שי בירן- מנכ""ל אגף הכלכלה בהסתדרות. בהמשך לרוטציה בין חברי העבודה בועדת הכספים היא הצטרפה לועדה ופעלה בתחומי פנסיה, ותעסוקה. אינה מחוברת לבעלי הון או לשלוחיהם. עסקה לא מעט בבחישות פנים מפלגתיות.",,,,,,,"פסח האוספטר/מזכ""ל תנועת דרור ישראל",אורי קידר/יו״ר המשמרת הצעירה בעבודה,"שי בירן/מנכ״ל אגף הכלכלה בהסתדרות, אחיה של בירן",,,,,,,,,,
נחמן שי,המחנה הציוני,68,נשוי,3,מבשרת ציון,לא,"תמך בשלוש מההצעות, נעדר מההצבעה לחשיפת ועדת השרים","שי מייצג את הכנסת בהרבה מהמשלחות הפרלמנטריות ובהן במועצת אירופה. זאת בשל היותו דובר צה""ל לשעבר ומזכיר עתונות לשעבר במשלחת ישראל לאו""ם. הוא מתגאה בכך שמתוך האופוזיציה הוא מייצג את האינטרסים של ישראל בחו״ל - ואכן בכנסת מעריכים את פועלו במישור הבינלאומי. עם זאת כשהוא לא מדברר היטב את ישראל בעולם, נראה כי הוא עסוק בעיקר בפוליטיקה פנימית","זאב דרורי/ מנכ""ל המכללה האקדמית כנרת בעמק הירדן",ריצ׳רד פשולסקי/איש עסקים אמריקאי,אליסה גוייר/ אנליסטית מניו יורק,,,,"בנימין בן אליעזר/שר וח""כ לשעבר",יפתח דבור/עסקן ויועץ פוליטי,יונה ויזנטל/העורך הראשי בפועל של רשות השידור,,,,,,,,,,
קסניה סבטלובה,המחנה הציוני,36,גרושה,2,דירה שכורה במודיעין,"לא חשפה את הונה השלם והצהירה כי לא מחזיקה באף נכס נדל""ני",,"כתבת ופרשנית לענייני ערבים בערוץ 9 ודוקטורנטית למזרח תיכון באוניברסיטה העברית. היא מתמחה בכלכלת המזרח התיכון, ומאמינה בכלכלה חופשית עם התערבות מסוימת של הרגולטור, בעיקר בהגנה על שכבות החלשות.",,,,,,,"ד""ר נמרוד גורן/מייסד ויו""ר מיתווים - המכון הישראלי למדיניות חוץ אזורית","רומן ברונפמן/ח""כ לשעבר ואיש עסקים",,,,,,,,,,,
איילת נחמיאס ורבין,המחנה הציוני,45,נשואה,3,דירה בתל אביב,לא חשפה את הונה השלם. הסכימה לחשוף את נכסי הנדל״ן שברשותה: מחזיקה רק בדירת מגוריה,,"מומחית לניהול וממשל תאגידי המכהנת כדירקטורית בכמה חברות. בעבר החזיקה נחמיאס ורבין בעמדות בכירות בגאון אחזקות ובאל על והיא מחוברת היטב לקצפת של המשק. אין ספק כי היא מצוידת בידע כלכלי רב, אך כעת תעמוד למבחן הצהרתה, לפיה תפעל ""להגדלת העוגה ולחלוקתה באופן איכותי יותר, על מנת להביא לצמצום הפערים החברתיים"". כדי ליישם זאת תצטרך לפעול בניגוד לאינטרסים של כמה מחבריה המחוברים.",מנחם אורן/איש עסקים מתחום הנדל״ן,"ד""ר גיל תומר/סמנכ""ל חברת התרופות הגנריות אוניפארם","אלונה בר און/שותפה בקרן ""בית וגג"" ומבעלי ""גלובס""",,,,רון חולדאי/ראש עירית ת״א,אמיר חייק/מנכ״ל התאחדות התעשיינים,"נורית דאבוש/לשעבר יו""ר הרשות השנייה",,,,,,,,,,
יוסי יונה,המחנה הציוני,62,רווק,,דירה בתל אביב,"חשף את הונו . דירה בת״א שנרכשה ב-1.37 מיליון שקל. חצי מדירת חדר בבוסטון שנרכשה בכ-270,000 דולר. קופות גמל, פנסיה ותכניות חיסכון: 1.45 מיליון שקל. משכנתא: 300,000 שקל. יתרה בחשבון: מינוס 12.8 אלף שקל",,"פרופסור יונה, ממייסדי הקשת הדמוקרטית המזרחית וחבר הנהלה במרכז אדוה מביא את משנתו הסוציאליסטית לכנסת ומטרתו לקדם אג׳נדה המפורטת בדו""ח האלטרנטיבי לוועדת טרכטנברג שהפיק בימי המחאה, ובמרכזה רשתות ביטחון חברתיות וחיזוק ועדי עובדים. נחשב לסמן השמאלי של העבודה. המדיניות שלו לא תואמת את המצע הכלכלי שטרכטנברג הגיש, ודרכי השניים צפויות להתנגש בממשלה הבאה",,,,,,,דני גוטווין/פרופ' בחוג לתולדות ישראל באונ' חיפה,"אביה ספיבק/פרופ' בפקולטה לכלכלה, אונ' בן גוריון, שותפו של יונה להובלת צוות המומחים שייעץ להנהגת המחאה החברתית","רמי הוד/מנכ""ל המכללה החברתית-כלכלית",,,,,,,,,,
אייל בן ראובן,המחנה הציוני,60,נשוי,6,מושב יודפת (בשכירות),"לא חשף את הונו השלם. הסכים לחשוף את נכסי הנדל״ן שברשותו: בית בגבעת עדה, בונה בית ביודפת",,"סגן מפקד פיקוד הצפון (מיל'), ולשעבר מפקד המכללה לביטחון לאומי ועומד בראש חברת הייעוץ הארגוני ארא, הוא משוריין של לבני ברשימה (למרות שהתמודד בבחירות הקודמות במרצ) ומקווה לפעול להבאת משקיעים לישראל ולהזניק את הכלכלה באמצעות פתרונות מדיניים.",,,,,,,"אייל אפרתי/יו""ר משותף בחברת ארא יועצים ארגוניים בע""מ",עוזי צובנר/איש עסקים,,,,,,,,,,,
נפתלי בנט,הבית היהודי,42,נשוי,4,בית ברעננה,"לא. ב""פורבס"" העריכו באחרונה את הונו ב–25 מיליון שקל",התנגד ונעדר לסרוגין,"נפתלי בנט נכנס לפוליטיקה כהבטחה. דתי חובש כיפה, המכיר את השפה החילונית שהרבה לדבר על סוגיות בוערות כגון ריכוזיות ויוקר המחיה. דבריו נתפסו כאמינים, בין היתר, משום שבנט עשה את הונו כתוצאה מאקזיט של חברת סאיוטה שנמכרה ב-2005 ב-145 מיליון דולר - והוא לא חב דבר לטייקונים הותיקים. אלא שההבטחה לא מומשה: למרות קריאותיו לפירוק הריכוזיות, נפתלי בנט היה שר הכלכלה הכי מדיני שהיה כאן בעשור האחרון. הוא הקדיש חלק ניכר מזמנו לסיורים בהתנחלויות ולפגישות עם פעילים ואנשי יש""ע, ועסק באינטנסיביות במהלכים מדיניים. התוצאה היא, שבנט קידם הרבה פחות רפורמות בתחומי מכפי שיכול היה לקדם, לו היה מתמקד במשרד הכלכלה ובקבינט יוקר המחיה שבראשותו. רפורמות חשובות שכן עברו בתקופתו, כמו חוק הריכוזיות או חוק המזון, בושלו כבר בכנסת הקודמת ומהלכים שיזם בנט, כמו הרפורמה החשובה במכון התקנים, טרם הושלמו. בנוסף בנט נתן יד בשתיקתו, למהלכים בעייתים מאוד של חבר סיעתו, ניסן סמוליאנסקי, שבקדנציה האחרונה כיו""ר וועדת כספים העביר כספים שהיטיבו עם ציבור הבוחרים של הבית היהודיה ובעיקר לחטיבה להתיישבות, גוף הנחקר כעת במסגרת פרשת השחיתות של ישראל ביתנו. בנט, שמיצב את עצמו בתחילת הדרך כמי שלוחם בשחיתות פוליטית, לא התבטא עד כה בפומבי כנגד תופעות פסולות שהתגלו בוועדת הכספים. 
מעיון ביומן הפגישות של השר בנט עולה כי הוא גם מצא זמן להכיר מקרוב את חברי האלפיון העליון. בלו""ז שלו מופיעות פגישות עם אנשי עסקים וגם עם מיליארדרים כרון לאודר, מייקל שטיינהרדט ושלדון אדלסון. הוא לקח חלק פעיל גם במלחמות העיתונים. תחילה תמך ב""ידיעות אחרונות"" של נוני מוזס, אבל בהמשך עבר לצדו של ""ישראל היום"". נראה כי בראש סדר העדיפויות אצלו נמצא היעד שהציב לעצמו — להיות ראש ממשלה.
בנט גייס בפריימריס על ראשות הבית היהודי 1.2 מיליון שקלים כפי שמתיר לו החוק. הסכום הגבוה של התרומות שכולן למעט אחת מחו""ל מעורר תהיות מדוע היה צריך להשקיע כסף גדול כל כך בהתמודדות מול המועמד אלמוני שמעון אור, אותו כמובן ניצח ברוב מוחץ. לאחרונה הגיש תביעת דיבה בסך מיליון שקל כנגד העיתונאי דרור פויר, על כי צייץ בטוויטר כי ""בנט קרא לכל הערבי גנבי רכב"". הציוץ הועלה בעקבות נאום של בנט בו הוא אמר: ""מי שטייל בנגב יודע שכבר אי אפשר להשאיר רכב ליד המכתש הקטן או ליד אחד הנחלים כי בוודאות יפרצו אותו. וגם בפתח תקווה וגם בגליל וגם לחקלאים גונבים את הטרקטורים"".",לואיס מייברג/בעל חברות השקעה וקרנות ניהול בארצות הברית,ארתור דנצ'יק/בעלים בבית השקעות,חיים לוי/נשיא קהילת יהודי גיברלטר,,,,משה קלוגהפט/יועץ תקשורת ואסטרטגיה,"שלום שלמה/יועצו הפוליטי של בנט, וראש המטה שלו במשרד הכלכלה","אייל גבאי/יועץ כלכלי עצמאי, לשעבר מנכ""ל משרד ראש הממשלה ומנהל רשות החברות",,,,,,,,,,
אורי אריאל,הבית היהודי,62,נשוי,6,כפר אדומים,חשף את הונו. שווי בית המגורים: כ–1.6 מיליון שקל; קופות פנסיה וגמל שלו ושל רעייתו: כ–500 אלף שקל,נעדר מכלל ההצבעות,"פרלמנטר מתוחכם שיודע להתחבר מתחת לרדאר למקורות כוח וסמל מובהק לפרלמנטריות סקטוריאלית. אריאל משרת בנאמנות את ציבור בוחריו הדתי–ציוני. אם באמצעות אי הארכת שירותם בצה״ל, הזרמת עשרות מיליוני שקלים של תקציבים חברתיים כולל כאלה המיועדים לדיור ציבורי, לגרעינים תורניים וישיבות הסדר, או הקצאת עשרות מיליוני שקלים מתקציב המשרד למועצות שמעבר לקו הירוק. כהונתו כשר השיכון, ביחד עם אחיזת מפלגתו בוועדת הכספים, איפשרו להעביר מיליונים רבים לציבור המתנחלים - במיוחד כאשר שר האוצר לשעבר, לפיד, נזקק לאריאל ולחבריו לצורך קידום תוכניתו (שכשלה) למע״מ 0 על דירה ראשונה. בנוסף נחשף בחודשים האחרונים כי משרד השיכון בראשותו מכר עשרות דירות לעמותות דתיות ללא כל מכרז ובהנחות מפליגות. במקרים רבים, חתם המשרד בראשות אורי אריאל על עסקאות למכירת דירות לגופים המזוהים עם מפלגת הבית היהודי. ערב הבחירות לכנסת הועלתה אפשרות להתמודדות משותפת של אריאל ברשימת ""יחד"" של אלי ישי ובסופו של דבר אריאל נשאר ב""הבית היהודי באמצעותו יהיה לו ככל הנראה בסיס פוליטי רחב יותר להוביל את מדיניותו להקצאת משאבים לשטחים.",,,,,,,הרב דב ליאור/חבר בוועד רבני תקומה לשעבר רבה של קריית ארבע–חברון,"שלמה בן אליהו/מנכ״ל משרד הבינוי, מונה לתפקידו על ידי אריאל",,,,,,,,,,,
איילת שקד,הבית היהודי,39,נשוי,2,דירה בשכונת בבלי בתל אביב,לא,התנגדה לכלל חוקי השקיפות,"מקום ראשון בפריימריז המפלגתיים, נחשבת למקורבת מאוד ליו""ר בנט. השניים עבדו יחד בלשכת נתניהו כראש אופוזיציה, אך פרשו מהלשכה בחריקת שיניים. נתניהו ""בלע"" את הרוק כשהכניס את בנט לממשלתו, וכעת, לאחר הבחירות דורשים ב""בית היהודי"" שגם שקד תשב ליד שלחן הממשלה -עדיף כשרה לביטחון פנים במטרה ״להשליט סדר ברחובות״. התייצבותה בראש משרד זה או משרד המשפטים תאפשר לה לממש את עמדותיה לגבי הגבלת כוחו של בית המשפט מול הכנסת. 
בכנסת האחרונה קולה נשמע בעיקר סביב נושאים מדיניים, אך שקד עסקה בכנסת היוצאת גם בסוגיות כלכליות. למשל, היא היתה מעורבת בקידום חוק להגברת התחרות בענף המזון ובהצעה אחרת להקלות על הקמת תחנות דלק. עם זאת, את עיקר הרעש חוללה הצעת החוק שעליה חתמה עם חברי כנסת אחרים שנועדה למנוע מהעיתון ""ישראל היום"" להמשיך להפיץ את גיליונותיו חינם — הצעה שעברה בקריאה טרומית, אך מאז התפרקה הממשלה והוחלט על הקדמת הבחירות. 
חוק שנוי במחלוקת שהצליחה שקד לחוקק (עם ח״כ רוברט אילטוב מישראל ביתנו), נועד לאפשר למזקקי נפט לשווק גז טבעי. חוק זה סייע אך ורק לשתי חברות: בזן ופז. ואולם שקד הדפה את הביקורת שלפיה מדובר בחוק שקודם על ידי לוביסטים, וטענה שגם הוא נועד להגברת התחרות.","יוסף גוטניק/מנכ""ל מרלין יהלומים",אברהם פורז/לשעבר שר הפנים,מייקל אייזנברג/משקיע הון סיכון בהייטק,,,,הרב אביחי רונצקי/ראש ישיבת איתמר מקום 14 ברשימת הבית היהודי,"צבי צויבל/מנכ""ל פורום הציונות הדתית",רמי וייספיש/איש עסקים,,,,,,,,,,
אלי בן דהן,הבית היהודי,60,נשוי,9,דירה בירושלים,לא,התנגד ונעדר לסרוגין,"סגן שר הדתות קיבל מראש מפלגתו ושר הדתות, נפתלי בנט, יד חופשית. אלא שבן דהן, המחובר לרוב רבני השכונות והערים, נשאר רוב הזמן על הספסל, ולמעט רפורמה זניחה לא שיפר את השירות במועצות הדתיות השבעות, ולא לחם בבטלה או טיפל בשכר המופרז. במקום זאת, עסק בן דהן בסיוע לתפירת תפקידים לאנשי שלומו ובשימור הסטטוס קוו.",עזי פויכטונגר/איש עסקים,מייקל אייזנברג/משקיע הון סיכון בהייטק,מיכאל פרוינד/יו״ר ארגון שבי ישראל,,,,"הרב שמואל אליהו/רב העיר צפת, התמודד על משרת הרב הספרדי הראשי של ירושלים",מאיר זיילר/איש עסקים חרדי,אלחנן גלט/מנכ״ל זמני של הרבנות הראשית,,,,,,,,,,
ניסן סלומינסקי,הבית היהודי,69,נשוי,5,בית באלקנה,"לא חשף את הונו השלם. הסכים לחשוף את נכסי הנדל״ן שברשותו:
מחזיק בבית מגוריו ובדירת 4 חדרים ברמת גן",התנגד לכלל חוקי השקיפות,"ח""כ ניסן סלומינסקי שנבחר בתחילת הקדנציה כיו""ר ועדת כספים ידע היטב איך יושבים ""על השיבר"". סלומינסקי, ניהל את הועדה ביד רמה, כשהוא יודע לשאת ולתת עם פקידי האוצר ואף להוציא מהם תקציבים המיועדים למוסדות הציונות הדתית, ההתנחלויות ורשויות מקומיות בשטחים. לפי ניתוח של הסדנא לידע ציבורי לבקשת TheMarker עולה כי דרך הצינור של וועדת הכספים בראשותו, דלפו הסטות בתקציב המדינה בהיקף חסר תקדים של 55.7 מיליארד שקל - כמעט 13% מתקציב של 438 מיליארד שקל.
עם שר האוצר הקודם יאיר לפיד (יש עתיד) הוא ניהל מערכת יחסים טובה, כשכל אחד מהם יודע מה הוא רוצה מהשני. סלומינסקי חרף הסתייגויותו מיוזמת הדגל של לפיד ""מע""מ 0"" קידם את הצעת החוק בועדה במרץ רב. הוא אומנם הכחיש את ה""דיל"" עם האוצר להעברת 40 מיליון שקלים לרשויות מקומיות בשטחים בתמורה לקידום החוק, אבל במהלך דיוני הועדה העביר לפיד 20 מיליון שקלים והיתר יחכו כנראה לקדנציה הבאה. בדיוני הועדה ספג בקורת חריפה מח""כ סתיו שפיר (עבודה) בנושא ההעברות התקציביות. העימותים המתוקשרים ביניהם הובילו לא אחת להוראה שלו להוציאה בכוח מן הועדה. בכך דווקא סייע סלומינסקי לשפיר למצב את עצמה כלוחמת האינטרס הציבורי. ח""כים נוספים שביקרו את תיפקודו היו משה גפני, יעקב ליצמן (יהדות התורה) ויצחק כהן (ש""ס) שקבלו על כך שבתקופתו הכסף זרם למוסדות הציוניים והמעיין ""יבש"" לגבי המוסדות החרדים. סלומינסקי תרם לעצמו בפריימריס האחרונים במפלגתו 140 אלף שקלים כמחצית מהסכום הכולל שגייס, 285 אלף שקלים, ולדבריו עשה כן כדי שלא להזדקק לתרומות של אנשי עסקים וטייקונים בעודו יושב על כס יו""ר ועדת הכספים. לאחר שלמד את רזי הכוח של יו""ר הועדה בקדנציה הבאה הוא רוצה להמשיך ולשבת באותו כיסא גם אם סתיו שפיר תשב מולו.",שלמה פישמן/יו״ר ועד ההורים באולפנת ישורון,יחזקאל ברנהולץ/סוכן ביטוח,חנה שמרלינג/מרצה במכללת אורות באלקנה,,,,רוני רימון/יועץ תקשורת,"צבי צויבל/מנכ""ל פורום הציונות הדתית",איתמר שניר/חשב לשכת רואי החשבוןנשוי לבתו של סלומינסקי,,,,,,,,,,
ינון מגל,הבית היהודי,45,נשוי,4,"דירה בשכירות בתל אביב
","לא חשף את הונו השלם. הסכים לחשוף את נכסי הנדל״ן שברשותו:
חצי דירה בפרויקט לא בנוי בתל אביב",,"הכיוון הפוליטי של מגל בא לידי ביטוי כבר בהיותו עיתונאי: ב-2005 האשים את התקשורת שאינה מסקרת את ההתנתקות באובייקטיביות ובעת כהונתו כעורך ראשי של וואלה, כאשר יזם קמפיין במהלך מבצע צוק איתן: ""קודם כל ישראלי"". כעורך ראשי נתן במה למשך זמן מה לטוריו של אלדד יניב, ששטח טענות קשות גם נגד דמויות בולטות בימין כמו בנימין נתניהו ואביגדור ליברמן. מגל התבטא לא אחת בעד ליגליזציה של סמים קלים. הוא תושב תל אביב, לא חובש כיפה אך ילדיו לומדים במוסדות חינוך דתיים אדוקים.",,,,,,,שמעון ריקלין/עיתונאי וארכיאולוג,"אילן ישועה/מנכ""ל וואלה",חנוך דאום/עיתונאי,,,,,,,,,,
שולי מועלם–רפאלי,הבית היהודי,49,נשואה,7,נווה דניאל,"לא חשפה את הונה השלם. הסכימה לחשוף את נכסי הנדל״ן שברשותה:
זכויות ל–50% בשתי דירות במודיעין ובבאר שבע","הצביעה נגד שלוש מההצעות, ונעדרה מההצבעה לחשיפת ועדת השרים","יו""ר ארגון אלמנות ויתומי צה""ל לשעבר היא משיאניות הנוכחות במשכן, נחשבת לח""כית החברתית ביותר במפלגתה והרבתה לקדם סוגיות מתחום הרווחה.",יאיר איזבוצקי/בעל חברה למדידות,יובל טל/איש עסקים ויזם,,,,,"אבי רט/ראש מכון ש""י באוניברסיטת בר אילן וחבר ארגון רבני צהר",,,,,,,,,,,,
בצלאל סמוטריץ',הבית היהודי,35,נשוי,5,דירה בקדומים,"לא חשף את הונו השלם. הסכים לחשוף את נכסי הנדל״ן שברשותו:
דירה (עם משכנתא)",,"סמוטריץ', האהוד על הדור הצעיר של המתנחלים, מגיע לכנסת כדי לקדם את ההתיישבות ביהודה ושומרון, בנגב ובגליל, ולהילחם ב״משפטיזציית היתר בישראל״.",,,,,,,"יהודה אליהו/מנכ""ל עמותת רגבים (קידום מדיניות קרקע ציונית)",מרק בלזברג/איש עסקים יהודי– קנדי,"זאב חבר (זמביש)/מראשי מועצת יש""ע",,,,,,,,,,
ניר אורבך,הבית היהודי,45,נשוי,4,דירה בפתח תקווה,לא,,"אורבך היה יועצו של יו""ר המפדל לשעבר, אפי איתם, בעת שכיהן כשר השיכון. בכנסת היוצאת שימש כמזכ״ל הבית היהודי, ובעבר היה סמנכ״ל מפעלות הציונות הדתית - גוף שמעורב בניסיונות הבית היהודי לתקצב עמותות ולגופים הקרובים לליבה",,,,,,,צבי צויבל /מנכ״ל מפעלות הציונות הדתית,"אפי איתם /איש עסקים. לשעבר יו""ר המפד""ל ושר מטעמה","יעקב סולר/מנכ""ל המכללה האקדמית לחינוך תלפיות",,,,,,,,,,
מוטי מרדכי יוגב,הבית היהודי,58,נשוי,9,בית ביישוב דולב,לא,"התנגד לשלוש הצעות, נעדר מההצבעה לחשיפת האינטרסים של חברי הכנסת","ראש המועצה האזורית מטה בנימין לשעבר לא התבלט בכנסת היוצאת, והגיע לכותרות רק כשהטיח בתושבי עוטף עזה כי הם האשמים במצוקתם בעת ""צוק איתן"", מכיוון שתמכו בהתנתקות.",,,,,,,אבי רואה /יו״ר מועצת יש״ע,פרופ' יהודה דנון /נשיא אוניברסיטת אריאל בשומרון,,,,,,,,,,,
ענת רוט,הבית היהודי,40,רווקה,,דירה בשכירות בירושלים,"לא חשפה את הונה השלם. הסכימה לחשוף את נכסי הנדל״ן שברשותה:
דירה באפרת",,"פעילת שלום עכשיו לשעבר וד""ר למדע המדינה היא המנהלת של מכון מגלי""ם בעיר דוד, שפועל ""לחיזוק הקשר של עם ישראל לירושלים"". בעברה היתה רוט מנכ""לית איגוד המרכזים לזהות יהודית. שוריינה על ידי בנט למקום ה-15 במפלגה, לאחר שהתמודדה בפריימריז ולא נבחרה למקום ריאלי",,,,,,,הרב אבי גיסר/רב ההתנחלות עפרה,פנחס ולרשטיין /ראש מנהלת ההתיישבות,הרב חיים דרוקמן /ראש מרכז ישיבות בני עקיבא,,,,,,,,,,
אבי וורצמן,הבית היהודי,44,נשוי,4,דירה בבאר שבע,לא,התנגד לכלל חוקי השקיפות,"כסגן שר החינוך הקצה מיליונים מכספי הציבור למטרות ועמותות הקרובות ללבו, בהן עמותת מבראשית, שניהל בעבר. קידם תוכניות לחיזוק ערכי יהדות ואף גייס כספים לתוכנית למניעת התבוללות. וורצמן כמעט לא פעל מעבר לכך לטובת שיפור מערכת החינוך בארץ, אך ציבור בוחריו זכה לסגן שר שהעביר עבורם תקציבים רבים מתחת לאפו של השר פירון או בשיתוף פעולה שקט.",,,,,,,מרק בלזברג/איש עסקים יהודי–קנדי,"הרב חיים דרוקמן/ח""כ לשעבר, ראש ישיבת אור עציון","יקי מנדלסון/מנכ""ל עמותת מבראשית",,,,,,,,,,
אביחי רונצקי,הבית היהודי,63,נשוי,4,בית באיתמר,לא,,"הרב הראשי לשעבר בצה״ל מקורב מאוד ליו""ר בנט, שנעזר בו להקמת מנהלת הזהות היהודית. רונצקי למד במהרה כיצד לתעל למנהלת מיליונים מתקציב המדינה. כאשר נשאל על יחסו לקהילה ההומולסבית השיב ""אם היה לי בן הומו? הייתי מציע לו טיפול אך מקבל אותו כמו שקיבלתי לפני כן"". רונצקי הביע בעבר תמיכה בשחרורם של שני חברי מחתרת בת עין שהטמינו מטען חבלה ליד בית ספר מוסלמי: ""השב""כ אמר שהם אינם מסוכנים...אני מכיר את שניהם הם הביעו חרטה גמורה גם בכתב""",,,,,,,"אריק שור/מנכ""ל תנובה","מודי בן ש""ך/איש עסקים, לשעבר מנכ""ל פז",יעקב אגם/איש עסקים,,,,,,,,,,
אורית סטרוק,הבית היהודי,54,נשוי,11,בית בחברון,חשפה את הונה. ביתה מוערך בכ–300 אלף שקל; חסכונות: כ–270 אלף שקל,"התנגדה לשלושה חוקים, נעדרה מההצבעה על חשיפת ועדת השרים","הצהירה בכנסת שהיא למעשה ""שלוחת דעתו של הרב דב ליאור"", נושאת בעיקר את דגל ההתיישבות אך גם דוגלת בשקיפות שלטונית. ממלאת מקום בוועדת הכספים ומגיעה לדיונים שעוסקים ביו״ש. סטרוק עיכבה לא אחת העברות תקציביות בועדה שמיועדות למינהל האזרחי ביו""ש ובהם ליעוץ המשפטי של המינהל בין היתר בשל תלונותיה על התנהלות המינהל.",,,,,,,"הרב דב ליאור/חבר בוועד רבני תקומה, לשעבר רבה של קריית ארבע–חברון",משה מאירסדורף /יועץ תקשורת,,,,,,,,,,,
רונן שובל,הבית היהודי,34,נשוי,4,בית באפרת,לא חשף את הונו השלם. הסכים לחשוף את נכסי הנדל״ן שברשותו: מחזיק רק בדירתו (חמישה חדרים באפרת).,,"מייסד תנועת ""אם תרצו"", דוקטור לפילוסופיה פוליטית, בנו של יזם ההיטק אדוארדו שובל שגם תרם לו בפריימריס. בתחילת 2014 מונה כיו""ר ""ביתנו העולמי""-התנועה העולמית של ""ישראל ביתנו"" ופרש מתפקיד זה בנובמבר 2014. ליברל כלכלי, מאמין בשוק חופשי ותומך בפירוק קרטלים. למרות זאת התבטא נגד פירוק מונופול הגז. לטענתו מהלך כזה הוא בגדר הפרת התחייבויות ליזמים.",הון עצמי,אדוארדו שובל/יזם הייטק ואביו של רונן,"קרן לביאד/עו""ד",,,,,,,,,,,,,,,,
איימן עודה,הרשימה המשותפת,40,נשוי,3,דירה בחיפה,"לא חשף את הונו השלם. הסכים לחשוף את נכסי הנדל״ן שברשותו:
מחזיק רק בדירת מגוריו",,"ראש הרשימה הערבית המשותפת ומזכ""ל חד""ש מאז 2006, עורך דין וחבר לשעבר במועצת העיר חיפה. עודה הוא סוציאליסט שמתכנן לפעול במשכן למען שוויון בין שני הלאומים. הוא כותב מאמרי דעה ביומון ""אל–איתיחאד"", ונלחם נגד הצטרפות ערבים לצה""ל או לשירות הלאומי. ממנהיגי המאבק להכרה בכפרים הבלתי מוכרים בנגב. הוא דוגל ב""לא הסתגרות לאומית אלא הושטת יד לשותפות יהודית ערבית רחבה כדי לעשות את השינוי הגדול הנדרש"".",,,,,,,ראמז ג'ראיסי /לשעבר ראש עיריית נצרת,"מוחמד ברכה /יו""ר חד״ש","תמר גוז'נסקי/לשעבר חברת כנסת מטעם חד""ש","חנא סוויד/חבר כנסת מטעם חד""ש",,,,,,,,,
מסעוד גנאים,הרשימה המשותפת,49,נשוי,4,בית בסחנין,"לא חשף את הונו השלם. הסכים לחשוף את נכסי הנדל״ן שברשותו:
מחזיק רק בבית מגוריו","תמך בחשיפת תיקי המניות, נעדר משאר ההצבעות","נציג התנועה האיסלאמית ברשימה. מקורב לראשי החמאס. קידם אג'נדה להגנה על פליטים ומהגרים, לצד מיגור האבטלה ביישובים הערביים. קרוב לליבו נושא האבטלה בקרב מורים ומורות ערביים והאבטלה ביישובים הערביים.",,,,,,,השייח ח'מאד אבו דעאבס/יושב ראש הפלג הדרומי של התנועה האיסלאמית בישראל,"מנסור עבאס/סגן יו""ר התנועה האיסלאמית","מאזן גנאים/ראש עיריית סחנין, ראש ועד הערים הערביות וקרוב משפחה",,,,,,,,,,
ג'מאל זחאלקה,הרשימה המשותפת,60,נשוי,5,בית בכפר קרע,"לא חשף את הונו השלם. הסכים לחשוף את נכסי הנדל״ן שברשותו:
בבעלותו בית מגוריו",נעדר משלוש הצבעות ותמך באחת,"זחאלקה מרבה לבקר בקטאר — המממנת הראשית של חמאס. הוא חבר בוועדה אחת: חוק, חוקה ומשפט ועוסק בעיקר בעניינים פנים ערביים כמו העלאת גיל הנישואין. נוכחותו במשכן ממוצעת",,,,,,,"עזמי בשארה /מייסד ויו״ר בל""ד",סמי עלי/מזכיר הסיעה ועוזרו לשעבר,אמילי מואטי/יועצת תקשורת חיצונית,,,,,,,,,,
אחמד טיבי,הרשימה המשותפת,56,נשוי,2,בית בטייבה,לא,"נעדר משתי הצבעות, תמך בחשיפת ועדת השרים ובגילויי אינטרסים של נבחרי ציבור","סגן יו״ר הכנסת וחבר קבוע ונוכח בוועדת הכספים. טיבי שותף להצעות חוק צרכניות, אך מקדיש את רוב מרצו לנושאים מדיניים.",,,,,,,"עו""ד אוסמה אלסעדי/מזכ״ל תע""ל",אחמד מוהנא/יועץ קרוב,,,,,,,,,,,
עאידה תומא סלימאן,הרשימה המשותפת,51,אלמנה,2,דירה בעכו,"לא חשפה את הונה השלם. הסכימה לחשוף את נכסי הנדל״ן שברשותה:
בבעלותה 50% מדירת מגוריה",,"עורכת העיתון היומי הקומוניסטי ""אל–אתיחאד"", תנסה להילחם בתופעת האלימות בחברה הערבית ולקדם את התרבות הערבית מתוך המשכן.",,,,,,,"תמר גוז'נסקי/לשעבר חברת כנסת מטעם חד""ש",,,,,,,,,,,,
עבד אל חכים חאג' יחיא,הרשימה המשותפת,50,נשוי,4,דירה בטייבה,לא חשף את הונו השלם. הסכים לחשוף את נכסי הנדל״ן שברשותו: מחזיק רק בדירת מגוריו,,"חבר התנועה האיסלאמית, בוגר הטכניון ולשעבר ראש עיריית טייבה. מתמקד בנושאי תכנון ובנייה ברשויות המקומיות, ושואף לשנות את המצב שבו רוב הרשויות במגזר הערבי נקלעות לתוכניות הבראה.",,,,,,,"חנא סוויד/חבר כנסת מטעם חד""ש",מאמון עבד אלחי/ראש עיריית טירה,עו״ד עאדל באדיר /ראש עיריית כפר קאסם,,,,,,,,,,
חנין זועבי,הרשימה המשותפת,45,רווקה,,בבית הוריה בנצרת,"לא חשפה את הונה השלם. לפי הצהרתה אין לה בעלות על נכסי נדל""ן","תמכה בשלוש הצעות, נעדרה מההצבעה לתיעוד חופשי של ישיבות מועצה","זועבי מקורבת כיום לבכירי המגזר הערבי וגם למקביליהם בעזה. מחודש יולי היא מושעית מהכנסת בעקבות העלבת שוטר ערבי. למרות הפרובוקציות שבהן התמחתה, כמו ההצטרפות לשיט המרמרה, שקוממו עליה את רוב הישראלים, בהצעות החוק שלה דואגת זועבי לנשים, לילדים ולבני נוער במצוקה. היא פעלה ראשונה להעלאת גיל הנישואין ונלחמת באלימות נגד נשים.",,,,,,,"עזמי בשארה /מייסד בל""ד","עווד עבד–אלפתאח /מזכ״ל בל""ד",,,,,,,,,,,
דב חנין,הרשימה המשותפת,57,נשוי,3,דירה בתל אביב,"לא חשף את הונו השלם. הסכים לחשוף את נכסי הנדל״ן שברשותו:
דירת מגורים בתל אביב; חצי מדירה בערד; חצי מדירה בתל אביב",תמך בשתי הצעות ונעדר משתי הצבעות (חשיפת תיקי המניות והאינטרסים של נבחרי הציבור),"מתוך המדבר האופוזיציוני מתמקד חנין, משיאני הנוכחות במשכן, בפעילות למען איכות הסביבה ושוויון חברתי–כלכלי —בעיקר כחבר בוועדת הפנים של הכנסת ובמליאה.",,,,,,,"עמית ברכה/מנכ""ל עמותת אדם טבע ודין",ניר פפאי/ראש אגף שטחים פתוחים בחברה להגנת הטבע,,,,,,,,,,,
טלב אבו ערער,הרשימה המשותפת,47,נשוי,10,בית בערערה בנגב,"לא חשף את הונו השלם. הסכים לחשוף את נכסי הנדל״ן שברשותו:
מחזיק רק בבית מגוריו",נעדר מכלל ההצבעות בנושא,"ראש מועצת ערערה לשעבר, יזם דיונים על מצוקת הדיור בקרב זוגות צעירים, בפרט במגזר הבדואי, ועל הכרה ביישובים הבלתי מוכרים. הדיונים לא הבשילו לכדי הישגים של ממש. נשוי לשתי נשים",,,,,,,"שייח איברהים צרצור /חבר כנסת מטעם רע""ם–תע""ל, לשעבר ראש הפלג הדרומי של התנועה האיסלאמית","ג'מיל אבו ראס/יו""ר המרחב של המשולש הדרומי של ההסתדרות",,,,,,,,,,,
יוסף ג'בארין,הרשימה המשותפת,43,נשוי,3,דירה באום אל פאחם,"לא חשף את הונו השלם. הסכים לחשוף את נכסי הנדל״ן שברשותו:
מחזיק רק בדירת מגוריו",,מרצה פורה למשפט זכויות אדם ולחינוך במכללת תל חי ובאוניברסיטת חיפה. בכנסת ישאף לקדם את חלוקת משאבי המדינה בצורה שוויונית כלפי כלל אזרחיה.,,,,,,,"ד""ר עפו אגבאריה/לשעבר ח""כ מטעם חד""ש",,,,,,,,,,,,
באסל גטאס,הרשימה המשותפת,58,נשוי,1,"מגורים בשכירות בבית צפאפא, ירושלים","לא חשף את הונו השלם. הסכים לחשוף את נכסי הנדל״ן שברשותו:
בית בכפר ראמה","תמך בשתי הצעות, נעדר משתיים אחרות (חשיפת ועדת השרים והאינטרסים של נבחרי הציבור)","בוגר תוכנית פולברייט ולשעבר איש עסקים מצליח במגזר הערבי ופעיל חברתי מוביל. גטאס פעל בכנסת היוצאת למען שקיפות, זכויות בעלי חיים וזכויות פליטים, וניסה לקדם את האינטרסים של מגזרו.",,,,,,,נאביל ארמלי/שותף עסקי,אבנר סטפק/מבעלי בית ההשקעות מיטב דש,"ג'וליה זאהר/אשת עסקים, מנכ""לית חברת אגס ירוק",,,,,,,,,,
יאיר לפיד,יש עתיד,51,נשוי,3,בית בתל אביב,חשף את הונו: כ-10.4 מיליון שקל: בית ברמת אביב בשווי 6.5 מיליון שקל; תכנית חיסכון: 2.5 מיליון שקל; הפנסיה וקופות הגמל: כ-1.1 מיליון שקל; מכונית סוזוקי ומשכתנא בגובה 324 אלף שקל,"התנגד לשלוש הצעות, נעדר מההצבעה לחקיקת חוק שיאפשר תיעוד חופשי של ישיבות מועצה","במינוי המפתיע שלו למשרד האוצר, התפקיד הניהולי או הציבורי הראשון שלו מעולם, לפיד דווקא קיבל הזדמנות ואשראי מהציבור ואולם בקדנציה שלו לא הצליח לפיד להוביל רפורמות חשובות ולחולל שינויים. בדיעבד הטעויות הגדולות שלו היו הבריתות שכרת עם יו""ר ההסתדרות בזמנו עופר עיני ועם יו""ר הבית היהודי נפתלי בנט. בריתות אלה חיסלו כל אפשרות לשינוי ממשי. כדי לחולל רפורמה אין ברירה אלא להיכנס לעימותים ולפיד נמנע מעימותים עם כולם - ההסתדרות, הנמלים, המתנחלים, הבנקים והטייקונים – ורק עם עם הצוות הפנימי שלו הוא דווקא התעמת. בכוורת של לפיד טוענים כי הקדנציה הקצרה שלו באוצר לא התאפיינה בריבוי רפורמות, כיוון שבילה זמן רב בהדיפת דרישותיהן הסקטוריאליות של השותפות הקואליציוניות. 
גם את הדגל שנשא במערכת הבחירות הקודמת – דאגה למעמד הביניים – לא הצליח השר לפיד לממש, למעשה הוא הוביל תכנית קיצוצים וגזירות שפגעה במעמד הביניים, פגיעה שלא היתה כמותה במשך שנים רבות, ובעיקר פגעה בשכבות החלשות. גם בעוד נושאים הצהיר לפיד הצהרות ללא כיסוי. כך למשל הצהיר כי יפעל נגד הטייקונים אך לא עשה דבר, אמר שילחם בחרדים אך המשיך להזרים מיליארדים, יצא כנגד העברות כספים מתחת לשולחן אך חתם בעצמו על העברת 30 מיליון שקל לעמותת איילים בפטור ממכרז ועל העברות הכספים להתנחלויות. אף שהודיע כי הוא תומך בשקיפות שוב ושוב, את הצהרת הונו חשף רק לפני הבחירות ובעודו מדשדש בסקרים - ונעלמה ממנה דירה נוספת שהחזיק ברמת אביב אותה מכר בהיותו שר האוצר. מתי? לא ידוע - לפיד מסרב לנקוב במועד, 
בחודשים האחרונים טרם פוטר הוא שם את כל יהבו האישי והפוליטי על תוכנית מע""מ 0 שהגה יחד עם שני יועציו העיקריים, שגם הם אינם כלכלנים, הלל קוברינסקי ואורי שני, למרות ביקורת חריפה מצד כל אנשי המקצוע. עם זאת בסופה של הקדנציה קידם לפיד טיפול בשני נושאים חשובים: דו""ח גרמן על מערכת הבריאות וטיפול בקק""ל. 
אחרי שצלל למים העמוקים ביותר בתפקידו הראשון בפוליטיקה, גילה באחרונה לפיד מחדש את כישרונו האמיתי: תעמולה. לפי הסקרים רשימת יש עתיד התרסקה כמעט במחצית מאז הבחירות הקודמות, אבל לפיד מנהל קמפיין מוצלח ומצליח, כהרגלו, למלא אולמות ולהלהיב את הקהל. לא מזיקים לכך הקשרים בתקשורת, ובעיקר עם בכירי ""ידיעות אחרונות"" ו–ynet, המעניקים לו, כתמיד, יחס מועדף וסלחני. *התורמים המופיעים כאן תרמו לו בעבר",נתנאל ואסתר דה רוטשילד/צאצאים למשפחת הבנקאים,שמעון וינטראוב ורונן פלד/בעלי בראק קפיטל,צבי לימון / איש עסקים,שמעון וינטראוב ורונן פלד/בעלי בראק קפיטל,יורם באומן/ פרסומאי,ישי דוידי / מבעלי קרן פימי,"אורי שני, הלל קוברינסקי, דני וסלי/יועציו הקרובים של לפיד",ארז ויגודמן/מנכ״ל טבע,"ארנון (נוני) מוזס/מו""ל ""ידיעות אחרונות""",נילי רייכמן/יועצת תקשורת,,,,,,,,,
שי פירון,יש עתיד,49,נשוי,6,בית באורנית,"לא חשף את הונו השלם. הסכים לחשוף את נכסי הנדל״ן שברשותו:
מחזיק בבית מגוריו","הצביע נגד חשיפת ועדת השרים ותיקי המניות של הח״כים, נעדר משתי ההצבעות הנוספות","התוכניות שיזם פירון כשר חינוך במשרד החינוך לצד הנאומים הרבים שנשא על השינויים הנחוצים במערכת, איתם הסכים כמעט כל הורה ואיש חינוך בישראל, הגבירו את האהדה אליו בציבור. עם זאת ביש עתיד מתגאים כעת בהישגים בתחום החינוך שלא התרחשו מעולם. כך למשל הם מתגאים בחיוב חרדים בלימודי ליבה (צעד שלא יושם), ובהפחתת העומס על הכיתות הצפופות בישראל (פירון אמנם פעל להוספת מורה סייעת לכיתות הלימוד, אך לא יישם את התוכנית להפחתת הצפיפות בכיתות). השבוע הציגו פירון ולפיד תוכנית מפורטת למערכת החינוך, כאילו פירון לא היה השר האחראי עליה בשנים האחרונות. התוכנית מתייחסת בין היתר להעברת אחריות על החינוך לגיל הרך למשרד החינוך כבר מגיל 0 – מהלך שיש עתיד והליכוד הסכימו עליו כבר בהסכם הקואליציוני עם כניסתם לממשלת נתניהו, אך לא יושם על ידם בגלל התנגדותו של בנט להיפרד מסמכויות וסירובם להתעמת עמו, וסבסוד צהרונים בגני הילדים ובבתי הספר – אחרי שפירון ולפיד קיצצו כמעט את כל תוכנית הצהרונים המסובסדים בכל הארץ כחלק מהקיצוץ המשמעותי בתקציב החינוך ב-2013. פירון הספיק ליזום שני מהלכים חשובים, שאם יצליחו בעתיד יוכלו להוות שינוי לנושאים קריטיים במערכת החינוך – תוספת התקציב לתלמידים מרקע כלכלי מוחלש, שאמנם היתה בהיקף נמוך משמעותית מזו שרצה לקדם לפני מינויו לתפקיד שר, והסכם הבנות עם ש""ס על הכללת רשת החינוך הפרטית מעיין החינוך התורני בתוך מערכת החינוך, תוך הידוק הפיקוח עליה. ההסכם עדיין לא נחתם. ייתכן שבעתיד שני המהלכים האלה יצמיחו פירות.",,,,,,,הרב יובל שרלו/ראש ישיבת אורות שאול,שלמה דוברת/מייסד קבוצת ויולה,"נחום לנגנטל/ח""כ לשעבר. כיום בכיר בחברת הבנייה קרדן",ניר ברקת/ראש עיריית ירושלים,,,,,,,,,
יעל גרמן,יש עתיד,67,נשוי,2,בית בהרצליה,לא. ביתה מוערך ב-3.5 מיליון שקל,הצביעה נגד ההצעות לחשיפת תיקי המניות והאינטרסים של נבחרי הציבור. נעדרה משתי ההצעות האחרות,"ראשת עירית הרצליה לשעבר חולמת לחזור למשרד הבריאות בתקווה לאשרר את המלצותיה של הוועדה על שמה, להבראת מערכת הבריאות הציבורית. מעבר לכך גרמן דוגלת בשקיפות, ובניגוד לעמיתיה בסיעה גם יישמה זאת ופרסמה את הלו""ז שלה באופן שוטף, לצד פרוטוקולים מהוועדה. עם זאת, לא פירסמה גרמן הצהרת הון. במשרד הבריאות טוענים כי גרמן היא שרה מקצועית שדלתה היתה פתוחה בפני מנהלים ופעילים מהשורה כאחד.",,,,,,,"ד""ר יריב בן אליעזר/חוקר ופרשן תקשורת","פנינה קורן/יועצת של גרמן לשעבר, נציגת הציבור בוועדת גרמן לחיזוק מערכת הבריאות הציבורית","פרופ׳ אמנון רובינשטיין/ח""כ ושר לשעבר",,,,,,,,,,
מאיר כהן,יש עתיד,59,נשוי,3,בית בדימונה,"חשף את הונו. שווי כולל: 4.3 מיליון שקל. ביתו מוערך בכ-1.65 מיליון שקל. יתרה בחשבון: 5,080 שקל. תכניות חיסכון ופנסיה וקופות גמל: 2.6 מיליון שקל","התנגד לשלוש מההצעות, נעדר מההצבעה לחקיקת חוק שיאפשר תיעוד חופשי של ישיבות מועצה","גולת הכותרת של הקדנציה של כהן היתה ועדת העוני בראשות אלאלוף. בניגוד לקודמיו בתפקיד שם כהן את העוני על השולחן והשתדל לשמש כלוביסט של השכבות החלשות. אלא שמעבודת הועדה לא נותר דבר ומסקנותיה נותרו לעת עתה בבוידעם. בשביל אלאלוף ששובץ במקום השלישי במפלגתו של כחלון כנראה עשתה הועדה שירות יותר טוב. בתקופתו נגזרו על השכבות החלשות קיצוצים וגזרות מהקשות שידעו בשנים האחרונות. אבל כהן לא יצא כנגד מדיניות שר האוצר ויו""ר מפלגתו, לפיד - וקיבל בהכנעה את הדין. אחותו של כהן היא אשת יחסי הציבור הבכירה רותי שטרית, הנשואה לח""כ היוצא מאיר שטרית.",,,,,,,"דן פרופר/יו""ר אסם",בני ביטון/ראש עיריית דימונה,"מאיר שטרית/ח""כ ושר לשעבר, גיסו של כהן",,,,,,,,,,
עפר שלח,יש עתיד,54,אלמן,2,בית במושב גינתון,לא,"התנגד לשתי הצעות (חשיפת תיקי המניות ותיעוד חופשי של ישיבות מועצה), נעדר מהשתיים הנוספות","שלח בוא מקורבו של יו""ר המפלגה יאיר לפיד ומונה על ידו ליו""ר הסיעה. שלח למעשה ניהל את פעילות הסיעה בכנסת בכלל ובוועדת הכספים בפרט - בכנסת ידעו כולם כי מי שרוצה את תמיכת הח""כים של ""יש עתיד"" בוועדת הכספים, צריך לפנות תחילה לשלח. בנימין נתניהו סירב אשתקד להפקיד בידיו את ראשות ועדת חוץ וביטחון, ולהערכת בכירים בכנסת, ההתנגדות של נתניהו, היוותה את תחילת המשבר בין הליכוד ל""יש עתיד"" שגרר בסופו של דבר להקדמת הבחירות. למרות היותו עיתונאי לוחמני לשעבר, שלח לא ייצג את עקרונות הפוליטיקה החדשה, כשבין השאר בת זוגו, עו""ד אורית בוצר, קיבלה ג׳וב אצל השרה גרמן כיועצת אישית. כמו כן סירב שלח לחשוף את פגישותיו ולא שש להשיב לפניות בנושאים שונים בהם ""חוק הריכוזיות"", אלא העדיף לפעול ""מתחת לרדאר"". בד בבד שלח חיסל את הצעת החוק להשקפת תיקי המניות של חברי ועדת הכספים בטענה שזו פגיעה בפרטיותם.",,,,,,,"אמיר שלח/אחיו של שלח, בכיר לשעבר בחברת הביטוח מגדל",אריה נייגר/עורך דין,ישי מור/איש עסקים,,,,,,,,,,
יעקב פרי,יש עתיד,70,נשוי,3,"שיכון דן, תל אביב",חשף את הונו. לדבריו הונו מסתכם ב-12-10 מיליון שקל ללא פירוט; בנוסף לבית מגוריו בבעלותו גם בית במושב שומרה,התנגד להצעות לחשיפת תיקי המניות ולתיעוד חופשי של ישיבות מועצה. נעדר מהשתיים הנוספות,"פרי, שהיה שר מדע בלתי מורגש, הוביל את הוועדה לשיוויון בנטל, שהיתה אחד מהדגלים המובילים של מפלגת יש עתיד בבחירות הקודמות והוא שואף למלא בכנסת הבאה תפקיד ביטחוני. הוא כן הגיע לכותרות במהלך כהונתו בשל שני אירועים שהביעו לדעת רבים את רמת הניתוק שלו ממעמד הביניים: חגיגת יום הולדת מפוארת שעל מוזמניה נמנו נוחי דנקנר, רני רהב וליאורה עופר ובונוס שמן שקיבל מבנק מזרחי עבור 10 חודשים בהם כיהן כיו""ר הבנק במהלך 2012. כשנשאל על שני הנושאים הללו אמר פרי כי הוא ""לא מתנצל על הבונוס ויום ההולדת - זה ענייני הפרטי"". למרות זאת חשף פרי את הונו.",,,,,,,ניסן זאבי/יועץ אסטרטגי,"יורם כהן/ראש השב""כ",בוריס קרסני/בעל משרד הלובינג פוליסי,,,,,,,,,,
חיים ילין,יש עתיד,56,נשוי,4,קיבוץ בארי,הצהיר שכל רכושו הוא 3 זוגות אופניים,,"חיים ילין, ראש מועצת אשכול הפופולרי, הפך מוכר כמעט בכל בית במהלך מבצע צוק איתן. ילין היה מרואיין מבוקש במיוחד בשל תפקידו ובשל ישירותו - לא פעם חבט בממשלה ובאופן ניהולה את המבצע והמפגש הראשון שלו עם לפיד היה דווקא על רקע ויכוח שהתפתח בינו לבין שר האוצר דאז. ילין, בוגר לימודי כלכלה, צפוי לתפוס את הכיסא הריק שהותיר אחריו שי חרמש ולהמשיך להילחם ממשכן הכנסת למען תושבי עוטף עזה, המתיישבים והחקלאים.",,,,,,,יעל אלמקייס/מנהלת לשכתו של ילין,,,,,,,,,,,,
קארין אלהרר,יש עתיד,38,נשואה,,דירה שכורה בשכונת נווה חוף בראשון לציון,"לא חשפה את הונה השלם. לפי הצהרתה אין לה בעלות על נכסי נדל""ן",התנגדה ונעדרה לסרוגין,"נוכחות גבוהה במשכן ושותפות בחקיקת חוקי רווחה הצליחו להבליט את אלהרר בקדנציה האחרונה. בנוסף, היא עמדה בראש ועדה שהעבירה בהצלחה את הרפורמה ברשות השידור.",,,,,,,ד״ר שירי רגב–מסלם/מנהלת הקליניקות המשפטיות באוני' בר אילן,"מיה גפן/עו""ד, מנהלת הקליניקה לזכויות אנשים עם מוגבלויות","שחר ליפשיץ/פרופ',דקאן הפקולטה למשפטים בבר אילן",,,,,,,,,,
יואל רזבוזוב,יש עתיד,35,נשוי,2,"גר בשכירות בשכונת פולג בנתניה (6,000 שקל בחודש)",חשף את הונו. חסכונות: 96 אלף שקל,"התנגד לשלוש הצעות, נעדר מההצבעה לתיעוד חופשי של ישיבות מועצה","יו״ר ועדת העלייה והקליטה לא התבלט בקנדציה האחרונה. אולי בגלל נוכחותו הדלה במשכן, כאשר הגיע, מספרים מקורבים, לעתים אימן את ראש המפלגה לפיד בחדר הכושר במרתפי הכנסת.",,,,,,,מרים פיירברג/ראשת עיריית נתניה,,,,,,,,,,,,
עליזה לביא,יש עתיד,51,נשואה,4,נתניה,לא,התנגדה לכלל ההצעות בנושא,"יו""ר הוועדה לקידום מעמד האישה. לביא מבטיחה לפעול למען שילוב נשים בערכאות המשפטיות. את ועדת הכספים עזבה גם בגלל קשריו של בעלה, עו״ד צורי לביא, שהקשו עליה להשתתף בדיונים שעסקו בלקוחותיו.",,,,,,,הרב בני לאו/ראש מיזם 929,חנה הרצוג/פרופ' באוניברסיטת תל אביב,ברברה סבירסקי/מכון אדווה,,,,,,,,,,
משה כחלון,כולנו,54,נשוי,3,"דירה שכורה בחיפה (4,000 שקל לחודש)","חשף את הונו. שוויו הכולל עומד על 4.4 מיליון שקל. בונה בית בעיר, שעד כה הושקעו בו 2.5 מיליון שקל. עם גמר הבניה מוערך בכ-3.5 מיליון שקל. ברשותו רכב מדגם סיאט איביזה ששוויו 63 אלף שקל; חשבון העו""ש שלו נמצא במינוס של 15.6 אלף שקל.
ברשותו של כחלון קרן פנסיה ובה 960 אלף שקל, קרנות נאמנות ובהן 522 אלף שקל, וקרן השתלמות עם כ-430 אלף שקל. יתרת התשלומים שלו בכרטיס האשראי עומדת על 32.8 אלף שקל.",,"""תהיו יותר כחלונים"", נזף ראש הממשלה ביבי נתניהו בשריו ב-2011 עת המחאה החברתית השתוללה ברחובות וראש הממשלה היה בפאניקה. הוא התכוון לומר: תהיו יותר פעילים, תלחמו, תמצאו פתרונות, תשיגו יותר הישגים - כמו השר שלי במשרד התקשורת. משה כחלון חתום על מה שמכונה ""רפורמת הסלולר"", אך למעשה מדובר בשורה ארוכה של רפורמות - כבדות ומסובכות שדרשו עבודת הכנה כלכלית ומשפטית, תיאום בין משרדי הממשלה ומלחמה בכוחות חזקים במשק - שכחלון ניצח עליהן בהצלחה בין השנים 2010-2012. כחלון עמד באתגר הזה בגאון, ומפירות אותה הרפורמה הצרכן הישראלי נהנה עד היום. מיליארדי שקלים נחסכו. אלא שהוא לא הצליח בעצמו ""להיות כחלון"" בעת כהונתו כשר רווחה – אז מילא תפקיד חיוור בלבד.
כחלון שדעותיו הכלכליות קרובות יותר לאלה של מפלגת העבודה ועמדותיו המדיניות קרובות לצד הימני במפה יהיה ככל הנראה לשון מאזניים בבחירות האלה. לכן קל להעריך כי יתפוס עמדת מפתח בממשלה וינסה לעסוק בנושאים הקרובים לליבו: שוק הדיור וענף הבנקאות. האם יצליח כחלון לחולל מהפכות גם בתחומים אלה ואחרים? במידה רבה הדבר תלוי ביכולתו להתנתק מקשריו האישיים עם בעלי הון שהאינטרס שלהם הוא להשאיר את המצב הקיים על כנו. אם לא - יהפוך ל""לפיד 2"" כמי שקיבל הזדמנות פז מהציבור אך לא ניצל אותה",,,,,,,רונן משה/איש יחסי ציבור/נעצר בפרשת ישראל ביתנו,ששי גז/עורך דין פלילי,קובי מימון/איש עסקים/בעל השליטה באקויטל,דני נישליס/איש עסקים ובעלי תחנות רדיו,יצחק תשובה/בעל השליטה באלעד השקעות ובקבוצת דלק,,,,,,,,
יואב גלנט,כולנו,56,נשוי,3,בית פרטי במושב עמיקם,לא,,"על פניו הבחירה של כחלון, המצהיר על עצמו כחברתי, למנות את יואב גלנט למועמדו הביטחוני, לא נראית טבעית. האם יצליח הגנרל, שנפסל לתפקיד הרמטכ""ל על רקע פלישת בני הזוג גלנט ונחלת ביתם לשטח ציבורי במושב עמיקם, להתחבר למצוקות יוקר המחייה של הציבור? גם קשריו האישיים עלולים להקשות עליו בכך: לגלנט קשרים עם בעלי הון וחברות גז לאחר שמונה ב-2012 למנכ""ל חברת נמקס אויל אנד גז, שבשליטת איש העסקים בני שטיינמץ. שותפיו של שטיינמץ לרישיונות היו איש העסקים טדי שגיא וחברת הזדמנות ישראלית. לגלנט גם קשרים עם חברי פורום החווה של אריאל שרון - נציגי הפוליטיקה הישנה - שעמם הוא עדיין מתייעץ. 
ואולם גלנט דיבר לאחרונה על הבזבוז בצה""ל כשנדרש לסוגיית תקציב הביטחון: ""כשהייתי מפקד השייטת, והפח היה מתמלא, הייתי נכנס לשם, מוציא מצרכים ומאכיל איתם את הלוחמים. אחרי זה כששאלתי אותם אם היה טעים, ואם היה שווה לזרוק, כולם ידעו את התשובה"". עוד הוסיף גלנט כי ""תקציב הביטחון גדול על המדינה וקטן על האיום"". האם גלנט הפך לחברתי או שמדובר במס שפתיים שהוא צריך לשלם לטובת הבוחר ושביעות רצונו של היו""ר? נגלה בקרוב",,,,,,,"בני שטינמץ/איש עסקים/יו""ר קבוצת שטינמץ יהלומים",טדי שגיא/איש עסקים/מייסד ובעל השליטה בפלייטק,עידן עופר/בעל השליטה בחברה לישראל,,,,,,,,,,
אלי אלאלוף,כולנו,70,נשוי,1,באר שבע,לא,,"אחרי יותר מחצי שנה של עבודה אינטנסיבית בוועדה למלחמה בעוני, ועבודה מקדימה, לחצים פוליטיים שהופעלו עליו כראש הוועדה שעסקה באחד התחומים הקריטיים במיוחד בחברה הישראלית, פנה אלאלוף לרשימתו של כחלון. אלאלוף, שהודיע בעבר על תמיכתו בשאול מופז בגלל מוצאו, הצטרף למפלגת כולנו על בסיס פעילותו החברתית ובתחום הרווחה רבת השנים, עליה גם זכה בפרס ישראל.
אלאלוף, כיהן כמנכל קרן רשי, זרוע הביצוע (הפרטה) של המדינה בנושאי חינוך ורווחה במשך שנים רבות, והיה משוכנע שהוועדה שמונתה על ידי כהן תצליח להביא לשינוי משמעותי. אפשר לשער שאת האג'נדה הכלכלית חברתית שלו, המתאימה לרוח המפלגה אליה הצטרף, ינסה לממש דרך הכנסת",,,,,,,אלונה ברקת/אשת עסקים/בעלת הפועל באר שבע,רוני דואק/איש עסקים,דניאל שטינמץ/יהלומן/אחיו של בני שטינמץ,,,,,,,,,,
רועי פולקמן,כולנו,39,נשוי,2,נס הרים,"לא חשף את הונו השלם. הסכים לחשוף את נכסי הנדל״ן שברשותו:
אין ברשותו נכסי נדל""ן נוספים מעבר לדירתו",,"פעיל ותיק למען הצערתה של ירושלים, פולקמן הוא גם בעל חברת ייעוץ פרטית ולוחש על אוזנו של ניר ברקת. מבקר המדינה יבדוק חוזי ייעוץ בשווי מאות אלפי שקלים שהעירייה העניקה לו לפי פרסומים ללא מכרז.",,,,,,,ניר ברקת/ראש עיריית ירושלים,מיכה פריינד/יועץ אסטרטגי,,,,,,,,,,,
אלי כהן,כולנו,42,נשוי,4,דירה בחולון,לא חשף את הונו השלם. הסכים לחשוף את נכסי הנדל״ן שברשותו: מחזיק רק בדירת מגוריו,,"המשנה למנכ״ל קבוצת הכשרת היישוב שבשליטת עופר נמרודי, המשנה למנכ״ל קבוצת הכשרת היישוב שבשליטת יעקב נמרודי. ככל הנראה איש אמיד, המחזיק מניות אנרגיה בשווי גדול, בעל חושים חדים בתחום הנדל״ן.",,,,,,,שלמה מעוז/כלכלן/לשעבר הכלכלן הראשי של אקסלנס,יעקב נמרודי/הבעלים של הכשרת היישוב,,,,,,,,,,,
יפעת שאשא-ביטון,כולנו,41,נשואה,4,בית בקריית שמונה,"לא חשפה את הונה השלם. הסכימה לחשוף את נכסי הנדל״ן שברשותה:
בית פרטי בקרית שמונה",,"ד""ר' שאשא-ביטון היא סגנית נשיא מכללת אוהלו לחינוך וחברת מועצת קריית שמונה, התמודדה פעמיים על ראשות עיריית קרית שמונה ושימשה בעבר כסגנית ראש העיר ניסים מלכה. פעלה בצורה נקייה בימיה בפוליטיקה המקומית, אך כיום מסרבת להשיב לשאילתות עיתונאיות לגבי שחיתות לכאורה בקריית שמונה, שאותה חשף (חלקית) בחוג בית לא אחר מראש מפלגתה שבהמשך טען כי מדובר היה במטאפורה להמחשת המצב הקשה במדינה. שאשא-ביטון תתמקד בתחום החינוך ברשימה.",,,,,,,יעקב בן ציון/חבר מועצה קריית שמונה,,,,,,,,,,,,
טלי פלוסקוב,כולנו,52,נשואה,2,בית בערד,"לא. הסכימה לחשוף את נכסי הנדל""ן שברשותה: בית מגוריה ובדירה נוספת בערד",,"ראשת עיריית ערד, ולשעבר מקורבתו של יו""ר ישראל ביתנו, אביגדור ליברמן, היתה סגנית יו""ר הוועדה הקרואה שניהלה את ערד במשך יותר משנתיים. ב-2010 נבחרה לראשות העיר, כשהיא נשענת במידה רבה על תמיכתה של האוכלוסייה החרדית. לרשימתו של כחלון הצטרפה בדקה ה-90 במהלך שעורר תרעומת כלפיה במפלגתה הקודמת, שתמכה בה בבחירות המוניציפליות האחרונות שנערכו רק לפני כשנה, ושבהן נבחרה לראשונה לקדנציה מלאה – שאותה לא תשלים אם תיבחר לכנסת.",,,,,,,עוזי לנדאו/שר התיירות,יהושע אשכנזי/דובר עיריית ערד,,,,,,,,,,,
רחל עזריה,כולנו,37,נשואה,4,דירה בקטמונים בירושלים,"לא. הסכימה לחשוף את נכסי הנדל""ן שברשותה: בית מגוריה ודירה נוספת בירושלים (עם משכנתא)",,"סגנית ראש עיריית ירושלים וממובילות מחאת העגלות הפכה לאחת מהדמויות הפוליטיות המובילות בעיר ירושלים, אחרי שהצליחה להוביל אג'נדה חברתית-חינוכית, וניהלה בהצלחה לא מעט מאבקים. היא רוצה לקדם רפורמות למען משפחות צעירות. בעבר יזמה עצומה שקראה לממשלה ליישם את המלצות טרכטנברג בתחום הגיל הרך ואמרה: ""המלצות ועדת טרכטנברג הן מהפכה"". נושאים אחרים הקרובים לליבה הם הדרת נשים ומסורבות גט (שימשה כמנכלית ""מבוי סתום"", ארגון המסייע למסורבות גט)",,,,,,,"קובי כחלון/ס' ראש עיריית ירושלים (בחל""ת)/אחיו של משה כחלון",תמיר ניר/אדריכל ומתכנן ערים/חבר מועצת העיר ירושלים,עמרי שינפלד/יועץ פוליטי ויועץ תקשורת,,,,,,,,,,
מייקל אורן,כולנו,59,נשוי,3,תל אביב (בשכירות),"לא חשף את הונו השלם. הסכים לחשוף את נכסי הנדל״ן שברשותו:
דירת 2 וחצי חדרים בירושלים",,"שגריר ישראל בארצות הברית לשעבר, מקושר היטב לנתניהו ולבית הלבן, ובעזרת קשרים אלה שואף לשקם את האמון והיחסים עם האמריקאים.",,,,,,,יעקב נאמן/עורך דין ומשפטן בכיר/לשעבר שר האוצר והמשפטים,יוסי קליין הלוי/סופר ועיתונאי,נטע קורין-שמש/יועצת אסטרטגית,,,,,,,,,,
יעקב ליצמן,יהדות התורה,66,נשוי,5,"דירה בקריית צאנז, ירושלים","לא חשף את הונו השלם. הסכים לחשוף את נכסי הנדל״ן שברשותו:
50% בדירת 2.5 חדרים (בירושה)",נעדר מכלל ההצבעות בנושא,"ליצמן, לשעבר יו״ר ועדת הכספים ושר הבריאות בפועל, הוא ח״כ כוחני ושחקן סולו שמתייעץ רק עם הבוס: האדמו״ר מגור, שעומד בראש החסידות המשפיעה ביותר במגזר החרדי. בין השאר ליצמן הצליח לקבור את הרפורמה של משרד הבריאות לצמצום הפרסום של מוצרי טבק (כדי לא לפגוע בהכנסות העיתונים), ובשנה האחרונה גם מיקד את האנרגיה שלו במלחמה בהצעה למע״מ 0 לדירה ראשונה שיועדה במקור למשרתים בצבא. אחרי הבחירות, החסידות של ליצמן תבקש ממנו להמשיך לשמור על הסטטוס קוו בנושאי דת ומדינה. ליצמן פחות יתמקד בדאגה לאברכים אלא יותר בהעלאת קצבאות ילדים ושמירת שבת (הפלג שלו קבע שהמפלגה תיקרא ׳יהדות התורה והשבת׳). שאיפתו האישית היא לשוב לכס (סגן) שר הבריאות. במושבו שם עד 2012 זכה להערכה מקצועית.",,,,,,,"ישראל שניידר/עורך ""המודיע""",שלום פישר/ איש עסקים,"הרב יעקב אלתר/האדמו""ר מגור",,,,,,,,,,
אליעזר סורוצקין,יהדות התורה,56,נשוי,5,דירה בנתניה,לא,,"מנכ''ל ארגון לב לאחים, מוסד ענק המלווה חוזרים בתשובה, מארגן שיעורי תורה ופועל למניעת התבוללות, יגיע למשכן כדי לקדם את ארגוני ההחזרה בתשובה. סורוצקין מקושר גם לקרן וולפסון החרדית–אמריקאית שבראשה עמד זאב וולפסון, מייסד נס טכנולוגיות.",,,,,,,"אריה דרעי/יו""ר ש""ס, בצעירותו חלק חדר עם סורוצקין בפנימיית ישיבת חברון","הרב אברהם גרינבוים/יו""ר קרן וולפסון בישראל",,,,,,,,,,,
אורי מקלב,יהדות התורה,58,נשוי,5,דירה בירושלים,"לא חשף את הונו השלם. הסכים לחשוף את נכסי הנדל״ן שברשותו:
רק דירתו",תמך בגילויי אינטרסים ומניות של ח״כים. נעדר מההצבעות לחשיפת ועדת השרים ולאפשר תיעוד חופשי של ישיבות מועצה,"חבר מועצת ירושלים. נחשב לפרלמנטר מצטיין, בעיקר בשירות הציבור הליטאי. הוא שיאן נוכחות ומקדם חקיקת רווחה. בדומה לראש מפלגתו, גפני, גם מקלב כפוף למועצת גדולי התורה המורכבת מראשי ישיבה ורבנים בולטים במגזר הליטאי.",,,,,,,ישראל קלרמן/סגן ראש עיריית ירושלים ולשעבר עוזרו של מקלב,הרב אהרון לייב שטיינמן/ראש הציבור הליטאי והמנהיג הרוחני הרוחני של דגל התורה,,,,,,,,,,,
ישראל אייכלר,יהדות התורה,59,נשוי,14,דירה בירושלים,לא,"נעדר משלוש הצבעות, תמך בחשיפת תיקי המניות","נציג חסידות בעלז במפלגה, ובמקביל עורך את עיתונה של החסידות, ""המחנה החרדי"". סייע לבחירת ניר ברקת לראשות עיריית ירושלים, בניגוד לעמדת רוב החרדים בירושלים שתמכו במשה ליאון. בכך, הרחיק את עצמו מ""ישראל ביתנו"" ושלוחותיה, שליאון היה מועמדה.",,,,,,,הרב יששכר דב רוקח/האדמור מבעלזא,הרב מרדכי בריסק/יו״ר בד״צ ודמות דומיננטית בחסידות בעלז,"יעקב אייכלר/ עיתונאי, אחיו של ח""כ אייכלר",,,,,,,,,,
מאיר פרוש,יהדות התורה,59,נשוי,12,דירה בירושלים,"לא חשף את הונו השלם. הסכים לחשוף את נכסי הנדל״ן שברשותו:
בבעלותו דירת מגוריו ודירה נוספת בירושלים שקיבל בירושה","תמך בחשיפת תיקי המניות של הח״כים, נעדר משאר ההצבעות","פרוש איחד חסידויות קטנות ובינוניות לגוף ""שלומי אמונים"", ונישא על גבן לכנסת. בכנסת ה–19 כמעט לא נכח, אך היה פעיל מאוד בירושלים, שם התמודד על ראשות העיר. בנו הבכור, ישראל פרוש, מכהן כראש עיריית אלעד. בן נוסף מנהל את העיתון ""המבשר"" שהקימה משפחתו כדי להיאבק בעוצמה של עיתון ""המודיע"" שבשליטת חברו לסיעה יעקב ליצמן.",,,,,,,"הרב יוחנן סופר/ האדמו""ר מערלוי","נחמן בנשעיה/יו""ר המזכירות הארצית של חסידי ברסלב ושותף בעיתון ""המבשר""",,,,,,,,,,,
יעקב אשר,יהדות התורה,49,נשוי,7,דירה בבני ברק,"לא חשף את הונו השלם. הסכים לחשוף את נכסי הנדל״ן שברשותו:
לדבריו, מחזיק רק בדירת מגוריו","תמך בחשיפת המניות, נעדר משאר ההצבעות","ראש עיריית בני ברק לשעבר לא התבלט בכנסת, ולדברי מקורבים התאכזב לגלות עד כמה מוגבלים משאביו כח""כ בהשוואה ליכולת להניע מיזמי בנייה ענקיים ממנה נהנה כראש עיר. כעמיתיו, גם הוא כפוף למועצת גדולי התורה, אך פועל בעיקר כנציג של בני ברק ושל חצר הרב שטיינמן.",,,,,,,יעל גרמן/לשעבר שרת הבריאות,חיים ביבס/ ראש השלטון המקומי,הרב אהרון לייב שטיינמן/ראש הציבור הליטאי והמנהיג הרוחני הרוחני של דגל התורה,,,,,,,,,,
מנחם אליעזר-מוזס,יהדות התורה,69,נשוי,10,דירה בירושלים,לא,נעדר מכלל ההצבעות בנושא,"לנציג חסידות ויז'ניץ בכנסת אין עניין וגם אין מוטיבציה לכהן כחבר כנסת מהשורה. סגן שר החינוך לשעבר, שכיהן בעברו כאיש נדל״ן שבנה דירות לזוגות צעירים, התאכזב לדברי מקורבים מכוחו המוגבל באופוזיציה, ונוכחותו המצומצמת במשכן כמעט שלא הורגשה.",,,,,,,גדעון סער/שר לשעבר,"שלמה נס/ עו""ד ורו""ח",,,,,,,,,,,
משה גפני,יהדות התורה,62,נשוי,3,דירת בבני ברק,"לא חשף את הונו השלם. הסכים לחשוף את נכסי הנדל״ן שברשותו:
דירת מגוריו","תמך בחשיפת תיקי המניות של הח״כים, נעדר משאר ההצבעות","הפרלמנטר הוותיק שחולם לחזור לכס ראש ועדת הכספים מקשיב לכל טייקון ופעיל חברתי שמבקש את אוזנו — אך כפוף למועצת גדולי התורה. הוא מדבר ""חילונית"" שוטפת במשכן ובממשלה ומצליח לייצר שיתופי פעולה, מהם הוא יודע לגזור קופונים נאים עבור מגזרו.",,,,,,,"שמעון גליק/מו""ל יתד נאמן",הרב אהרון לייב שטיינמן/ראש הציבור הליטאי והמנהיג הרוחני הרוחני של דגל התורה,,,,,,,,,,,
אריה דרעי,ש''ס,55,נשוי,9,"דירה בהר נוף, ירושלים","חשף את הונו. מוערך בכ-4.8 מיליון שקל. דירה בשכונת הר נוף המוערכת בכ-4.7 מיליון שקל, תיק מניות בשווי 300 אלף דולר, וחובות (הלוואה) בגובה 1.1 מיליון שקל",נעדר מכלל ההצבעות בנושא,"קשה לשפוט את מי ישרת בכנסת הבאה יו״ר ש״ס. בפעם האחרונה שישב סביב שולחן הממשלה השנה היתה 1993. גם לאחר ששב לחיים הפוליטיים, דרעי הגיש חוקים סקטוריאליים למען פטור מארנונה לישיבות וכמה הצהרות חוק, חסרות סיכוי, בתחום הרווחה. בנוסף, התמודד ראש בראש מול יריבו הפוליטי ישי על תואר שיאן ההיעדרויות והיה חבר בוועדה אחת בלבד (חוץ וביטחון). למליאה כמעט ולא הגיע. היכן הוא בילה את זמנו? בהשתלטות על המפלגה ובאירועים של בעלי הון (שאצל חלקם עבד בעבר). 
דרעי ותנועת ש""ס נמצאים במשבר לאחר מותו של הרב עובדיה יוסף והפיצול בש""ס, וגם מאוימים מצידו של משה כחלון. בעקבות כך נראה נראה כי דרעי שינה כיוון ומנסה לקרוץ לקהלים נוספים והוא מדבר כעת על ""השקופים"" - העובדים המוחלשים בחברה הישראלית ומתייחס בדבריו בעיקר למזרחיים. עם זאת, לפי פירסומים דרעי עצמו איננו סובל ממצוקה והונו מוערך בכ-5 מיליון שקלים, בעיקר בזכות הדירה שבבעלותו",,,,,,,מרטין שלאף/איש עסקים אוסטרי/מימן את הוצאותיו המשפטיות של דרעי,נבות תל צור/עורך דין,"יוסי אליטוב/יחצ""ן",,,,,,,,,,
אברהם מיכאלי,ש''ס,57,נשוי,3,בית באור יהודה,לא,"תמך בחשיפת הצבעות ועדת השרים, נעדר משאר ההצעות","נאמנו של אלי ישי כמעט הוצא מהרשימה. מועצת חכמי התורה, הנזקקת למשפחת מירילשווילי שכספה מחזיק את מוסדות החינוך הקורסים שלה, הותירה את חברו הטוב של מירילשווילי במשכן.",,,,,,,מיכאל מירילשווילי/ מיליארדר גיאורגי-יהודי,,,,,,,,,,,,
יצחק וקנין,ש''ס,56,נשוי,5,מושב יערה,לא,נעדר מכלל ההצבעות בנושא,חבר כנסת שלא שוכח לעזור למקורביו גם כשליח ציבור: עמותה אותה ייסד קיבלה בעבר תרומה מפיליפ מוריס בשעה שהוא תמך בחברות הסיגריות בדיונים בכנסת. בפעם אחרת הודתה הפרקליטות כי וקנין התערב לטובת בתו במכרז ציבורי. וקנין זכה לשמור על כיסאו עקב קשריו הקרובים עם ראש הסיעה דרעי - ואף יצא להגנת ראש סיעתו בפרשת חשיפת הקלטת של עובדיה יוסף.,,,,,,,הרב דוד חי אבוחצירא/לשעבר הרב הראשי של נהריה,ניסים כהן/יועצו ומנהל עמותת ברכת מרגלית,,,,,,,,,,,
יואב בן צור,ש''ס,56,נשוי,7,דירה ברחוב הקבלן בירושלים,לא,,"נציג העדה התימנית בסיעה נחת בכנסת לפני חצי שנה בלבד. דו""ח של החשבת הכללית מצא כי בתפקידו הקודם כמנהל רשת החינוך של ש""ס המציא עובדים, מסר דיווחים כוזבים על שעות עבודה ומינה מקורבים.",,,,,,,הרב יצחק רצאבי/פוסק בעדה התימנית,,,,,,,,,,,,
דוד אזולאי,ש''ס,61,נשוי,4,עכו,לא,תמך בשתי הצעות ונעדר משתיים (תיעוד חופשי של ישיבות מועצה וגילויי אינטרסים של נבחרי ציבור),"אזולאי הוא מחוקק ותיק ופורה (בכנסת מ-96׳) שמקפיד להציג נוכחות במשכן, בעיקר בוועדת הפנים והוועדה לפניות הציבור בהן הוא חבר. אלא שאזולאי עדיין לא הפנים את היותו משרת ציבור אמיתי - וכרוב שותפיו לסיעה הוא סרבן שקיפות שלא הסכים לחשוף את הצהרת הונו ואף לא את נכסי הנדל״ן שלו.",,,,,,,אבי רוזן/עיתונאי חרדי,"הרב יעקב איפרגן/""הרנטגן""",,,,,,,,,,,
יעקב מרגי,ש''ס,54,נשוי,2,בית במושב שדה צבי,"לא חשף את הונו השלם. הסכים לחשוף את נכסי הנדל״ן שברשותו:
בנוסף לביתו, בבעלותו דירה בבאר שבע",נעדר מכלל ההצבעות בנושא,"חבר פעיל בוועדת הכלכלה שהצטרף לכמה הצעות חוק צרכניות וחברתיות שאושרו בקדנציה האחרונה. לפני כן, כשר לשירותי דת, פעל להזרמת תקציבי ענק לשירותי הדת ולמועצות הדתיות הכושלות ועסק במינוי מקורבים לראשי מועצות דתיות ברחבי הארץ.",,,,,,,הרב שלמה משה עמאר/הרב הראשי לירושלים,,,,,,,,,,,,
משולם נהרי,ש''ס,63,נשוי,5,"דירה בהר נוף, ירושלים",לא,"תמך בחשיפת המניות, נעדר משאר ההצבעות","כאשר כיהן כשר בלי תיק ב–2013, התברר שנהרי העביר מיליונים ללא מכרז לגוף התרבות של ש״ס ואף תקצב עמותה של קרובת משפחה. בכנסת היוצאת כמעט שלא נכח בוועדות ולא בלט במליאה.",,,,,,,"אהרן וולפסון/ בנו של מייסד נס טכנולוגיות, זאב וולפסון",,,,,,,,,,,,
יצחק כהן,ש''ס,64,נשוי,10,דירה בשכונת אפרידר באשקלון,"לא חשף את הונו השלם. הסכים לחשוף את נכסי הנדל״ן שברשותו:
מחזיק רק בדירת מגוריו",נעדר מכלל ההצבעות בנושא,"כהן הוא חבר כנסת ותיק המטפל בסוגיות כלכליות. בשנים 2009-2013 כיהן כסגנו של יובל שטייניץ במשרד האוצר והופקד בין היתר על אגף שוק ההון ורשות המסים. בקדנציה היוצאת היה אחד הח""כים הבולטים בוועדת הכספים שפעל בין היתר להחמרת המלצות ועדת הריכוזיות ונגד יוזמת יאיר לפיד להנהיג מע""מ אפס. הוא אינו מחובר לאליטות ההון והתקשורת, ופועל למען מצביעיו ולמען האינטרס הציבורי הרחב. לנוכח פעילותו הוקפץ למקום השני ברשימת ש""ס לכנסת. עם זאת, הוא נזהר שלא להביע עמדות המנוגדות לאלה של מנהיג המפלגה דרעי",,,,,,,"יהושע ישי/ יו""ר המועצה הדתית בירושלים",,,,,,,,,,,,
אביגדור ליברמן,ישראל ביתנו,56,נשוי,3,בית בנוקדים,"לדבריו הונו מסתכם בבית בנוקדים בשווי כ-1.35 מיליון שקל, חסכונות כ: 284 אלף שקל",נעדר מכלל ההצבעות בנושא,"לפי הצהרת ההון של ליברמן, אפשר לחשוב שמדובר באדם סגפן – ביתו שבנוקדים שווה 1.35 מיליון שקל וברשותו חסכונות של 284 אלף שקלים. את הדברים צריך לקחת בערבון מוגבל לנוכח חשבונות הבנק של בתו מיכל, שבהם התגלו מיליוני שקלים, במסגרת חקירת פרשת חברות הקש, ממנה נחלץ בעור שיניו. עם זאת, כבר בתחילת מערכת הבחירות, נחתה על ליברמן, פרשתה חדשה: פרשת שחיתות גדולה הקשורה למפלגה שבראשה הוא עומד. הוא אמנם לא חשוד, אבל לפי הסקרים הפרשה החדשה מאיימת לצמצם מאוד את כוחו הפוליטי. לפי החשד, פאינה קירשנבאום, האישה החזקה במנגנון המפלגה המקורבת מאוד לליברמן, עמדה, יחד עם בכירים במנגנון המפלגה, בראש רשת שחיתות שכללה רשויות מקומיות, משרדי ממשלה, עמותות וחברות ממשלתיות. השיטה, לכאורה, הייתה פשוטה: העברת תקציבים ממשרדי ממשלה לגופים שונים, כאשר אנשי ישראל ביתנו מקורביהם גוזרים קופון בדמות כספים או מינויים. בשנים האחרונות, ובמיוחד במושב האחרון של הכנסת, הוכיחו ליברמן ואנשיו שוב ושוב שהם מחויבים לבעלי ההון, למקורבים לצלחת ולגופים מונופוליסטיים, וטרפדו רפורמות מתחומים מגוונים: מיסוי ההכנסות מתיירות מרפא (תחום שבו מתפרנסים מאכערים רבים מהמגזר הרוסי), החלת שקיפות בחטיבה להתיישבות (המעבירה כספים רבים להתנחלויות), וסיכול חוק שנועד להגביל את שכר הטרחה של חברות למימוש זכויות רפואיות (""חוק לבנת פורן"". מקורבו של ליברמן, משה ליאון, שימש כיועץ ללבנת פורן וחברות אחרות). זאת, תוך שהם נעזרים בלוביסטים המקורבים למפלגה. 
מלבד זאת, אנשיו של ליברמן סיכלו את רפורמת קק""ל שבמסגרתה המדינה הייתה אמורה לקבל מיליארד שקל בשנה מהארגון עתיר הקרקעות והמזומנים. בקק""ל, יש להזכיר, מועסקת בתה של קירשנבאום, חתנה, ועסקנים נוספים מהמפלגה. ליברמן ואנשיו גם דאגו לקבור את היוזמה של שרת המשפטים לשעבר, ציפי לבני, להכפיף את החטיבה להתיישבות לחוק חופש מידע. 
כפוליטיקאי, אביגדור ליברמן יודע לייצר הרבה מאוד רעש, בזכות הצהרות בומבסטיות, בעיקר בתחום המדיני והיחס לערביי ישראל. ואולם, קשה למצוא יוזמה או רפורמה בקנה-מידה משמעותי שליברמן הגה, כרעיון שנועד לקדם את רווחת כלל אזרחי ישראל. ליברמן הכריז כי בכוונתו לתבוע בממשלה הבאה את תיק הביטחון, השאלה היא האם יקבל מספיק מנדטים כדי להיות בעמדת כוח לכך.",,,,,,,"משה לאון/רו""ח, לשעבר מנכ""ל משרד ראש הממשלה","אלכס ויז'ניצר/יו""ר נת""ע המתפטר, נעצר בחשד לתיווך בשוחד בפרשת השחיתות בישראל ביתנו","דליה איציק/לשעבר יו""ר הכנסת",מרטין שלאף/איש עסקים אוסטרי,מיכאל צ'רנוי/אוליגרך,ישראל יהושע/לוביסט,,,,,,,
אורלי לוי אבקסיס,ישראל ביתנו,41,נשואה,4,"גרה בקיבוץ מסילות עם משפחתה, בו היא שוכרת דירה.
","לא חשפה את הונה השלם. הסכימה לחשוף את נכסי הנדל״ן שברשותה: רכשה לאחרונה שטח ביישוב החדש שלפים (שילוב בין קיבוץ שלוחות הדתי ורשפים החילוני) בעמק המעיינות, עליו היא מתכוונת לבנות את ביתה.","נעדרה משלוש הצבעות, התנגדה לחשיפת תיקי המניות","בתו של השר לשעבר דוד לוי, שייכת למשפחה רווית קשרים בבית שאן, בחברות הממשלתיות המקושרות לישראל ביתנו ובמטה הליכוד.
יושבת-ראש ועדה לזכויות הילד זוכה לשבחים על פעילותה הפרלמנטרית, בעיקר בנושאי רווחה ובריאות וטיפול בלתי פוסק בפניות ציבור. עם זאת אבקסיס בקושי מגיעה למליאה. היא גם מוצאת בני ברית מעניינים כדי להעביר מהלכים מהם מרוויח הציבור הרחב, לרבות חברות התרופות הגדולות, למשל. כך היא משתפת פעולה לא אחת עם לוביסטים וחברות גדולות - אך רק כאשר האינטרס המסחרי של אותן חברות חופף את האינטרס הציבורי הרחב ואת צו מצפונה ועמדותיה- כמו למשל בהכנסת תרופה לטיפול בסרטן צוואר הרחם לסל התרופות.
באחרונה זכתה במגרש לבניית בית צמוד קרקע בהגרלה שנערכה בעיר בית שאן. עוד זכו בהגרלה אחיה ראש העיר וכמה בני משפחה נוספים. בעקבות המהומה שעוררה ההגרלה – חלק מהזכיות בוטלו ומלשכתה נמסר לנו בתגובה כי אבקסיס ״מעולם לא זכתה בהגרלת קרקעות בבית שאן. אורלי ובעלה ביקשו לממש את הזכות של בעלה שהוכר כנכה צה""ל לקבל הקצאה למגרש שיועד לנכי צה""ל בבית שאן שלא במסגרת הגרלה. אף על פי כן, ולמרות שזכות זו הוקנתה לבעלה על פי דין ובמסגרת הליך שהתנהל בשקיפות מלאה, בעקבות הטחת האשמות שווא והכפשת שמה בכלי התקשורת כמי ש'זכתה בהגרלה על חשבון אחרים' בחרו אורלי ובעלה שלא לממש את הזכות הזו ובעלה החזיר את הזכאות למינהל מקרקעי ישראל (למרות שהיה יכול לנצל אותה גם ביישוב אחר)״.",,,,,,,"חיים ביבס/יו""ר מרכז השלטון המקומי, בן דודה של לוי",,,,,,,,,,,,
סופה לנדבר,ישראל ביתנו,65,אלמנה,1,דירה בשכונת המרינה באשדוד,לא. דירתה מוערכת בכ–4.5 מיליון שקל,"נעדרה מכלל ההצבעות, הצביעה נגד החוק לתיעוד חופשי של ישיבות מועצה","שרת העלייה והקליטה מרבה לטוס לחו״ל וממעטת לבקר במשכן. יש לה קשרים עם אוליגרכים ואנשי עסקים. בין היתר נודעה בקשריה עם גרגורי לרנר, עבריין צווארון לבן. בדומה לאחרים במפלגתה גם משפחתה השתלבה בעסקי המדינה: בתה, ג'אנה קנופלר, מונתה לראש אגף בחברת נ.ת.ע הממשלתית, לאחר ששימשה בעבר יועצת לשר המדע",,,,,,,"מיכאל צ׳רנוי/איש עסקים, אוליגרך","אלכס ויז'ניצר/יו""ר נת""ע המתפטר",בוריס קרסני/בעל משרד הלובינג פוליסי,,,,,,,,,,
אילן שוחט,ישראל ביתנו,40,נשוי,3,צפת,לא,,ראש עיריית צפת שדילג מקדימה לישראל ביתנו נחקר בעבר על נטילת שוחד (התיק נסגר מחוסר ראיות). חרף ריצתו לכנסת הטמפרטורה החלה באחרונה לנסוק בצפת: הוא מואשם כעת בחלוקת הטבות לפי קריטריונים לא ברורים - חשדות שעדיין לא התבררו ואותן הוא הגדיר כשקרים.,,,,,,,"בוב סטארק/איל נדל""ן מקליבלנד","יענקי ביכלר/יחצ""ן חרדי",,,,,,,,,,,
שרון גל,ישראל ביתנו,40,גרוש,2,שכירות בסביון,"לא. בראיון ברדיו דיווח על נכס נדל״ן בודד: דירה בטירת כרמל והגדיר עצמו כ""אמיד מאוד""",,"שרון גל הוביל את הפורמט המצליח של תכניות לילה כלכליות. עם זאת דבקה בו לא מעט ביקורת בשל התנהלותו האתית והדבר אף נבדק על ידי הרשות השניה. גל היה ממבקריה החריפים של המחאה החברתית (""היא מזוייפת"") וגם של מנהיגיה באופן אישי (""במה דפני ליף עבדה מאז הקיץ האחרון""). על עצמו העיד כי הוא ""אמיד מאוד"". את תפקידו כמגיש ""לילה כלכלי"" עזב על רקע בדיקה שנערכה בערוץ 10 לגבי התנהלותו והתבטאויות מיניות וגסות כנגד עובדים. במקביל לעבודתו כעיתונאי בערוץ 20, הצטרף גל למיזם נדל""ני עסקי של זוגתו לשעבר קרן בן דוד. כשנשאל לאחרונה למי הצביע בבחירות האחרונות השיב גל כי הוא ""לא זוכר""",,,,,,,שלומי בן דוד/עורך דין,מאיר ברק/בעל חברה המפעילה קורס למסחר בבורסה,"ענבל אור/יזמת נדל""ן",,,,,,,,,,
חמד עמאר,ישראל ביתנו,50,נשוי,3,שפרעם,לא,"התנגד לשלוש מהן, ונעדר מההצעה לתיעוד חופשי של ישיבות מועצה פומביות","עוזרו לשעבר של ליברמן וחבר בוועדת הכספים, שאת דיוניה ואת המליאה הוא פוקד. פועל לקידום תוכניות להעצמת היישובים הדרוזיים.",,,,,,,אלי נאכט/איש עסקים ויועץ פוליטי,אמיר עלי/יועץ,,,,,,,,,,,
זהבה גלאון,מרצ,59,נשוי,2,דירת גג בפתח תקווה,"חשפה את הונה. שווי נכסים מוצהר כ-7.6 מיליון שקל: דירתה מוערכת בכ– 4.5 מיליון שקל (מזה משכנתה: 1.5 מיליון שקל); מחצית מהבעלות על משרד בתל אביב בשווי של 800 אלף שקלים; קרן השתלמות: 400 אלף שקלים וכנגדה הלוואה של 250 אלף שקלים, ביטוח מנהלים בשווי של 1.4 מיליון שקלים, תיק מניות: 2.3 מיליון שקל. יתרה בחשבון עו""ש של כ-30 אלף שקלים, התחייבויות בכרטיס אשראי-62,600 שקלים, צ'קים שלא נפרעו-24 אלף שקלים.",תמכה בשתי הצעות ונעדרה משתיים (תיעוד חופשי של ישיבות מועצה וגילויי אינטרסים של נבחרי ציבור),"יו""ר מרצ, ח""כ זהבה גלאון, נאבקת בימים אלה כדי להביא את מרצ בראשותה מעבר למספר המנדטים שאותם השיגה בבחירות האחרונות. גלאון מקדמת אג'נדה שעיקרה שמירה על האינטרס הציבורי: היא חוקקה את חוק התספורות יחד עם ח""כ וקנין, הובילה יחד עם חברי כנסת נוספים את המאבק להחרפת המלצות ""חוק הריכוזיות"" וניהלה מאבק משפטי ממושך לחשיפת הפרוטוקולים של ישיבות ועדת הריכוזיות שנתקל בהתנגדות מצד ראש הממשלה, נתניהו, ושר האוצר לשעבר, יאיר לפיד. כמו כן פעלה גלאון להחלת שקיפות על החטיבה להתיישבות, לביטול מינויו של עודד שריג, הממונה על הביטוח לשעבר, ליו""ר חברת ""מגדל"", קידמה הצעת חוק המבקשת צינון של שלוש שנים במעבר של בכירים מגופים רגולטוריים לגופים עליהם פיקחו. באחרונה פועלת להחלת אחריות אישית של בכירי בנק לאומי בעקבות פרשת הלבנת ההון, ופעלה להגבלת שכר הבכירים במשק. בכנסת האחרונה המשיכה לפעול לחקיקה לקידומן של נשים.
עם זאת, למעט מס שפתיים, היא לא הצטרפה למאבק להחלת נורמות פיקוח בסיסיות על קק״ל. אולי כי היועץ הפוליטי המקורב לה, ישראל כהן, קיבל שם באחרונה ג'וב נוצץ ומרצ העולמית קיבלה סכומים ניכרים מקק""ל. מלשכתה נמסר כי ״מרצ נאבקה ונאבקת למען שקיפות ופיקוח על קק""ל ועל כל גוף ציבורי או גוף בעל נגיעה נרחבת לכספי ציבור. המאבק למען הכנסת קק""ל לפיקוח החל ממכתב ששלחה זהבה גלאון לשרת המשפטים. אי לכך כל טענה כאילו כספים שהועברו לברית העולמית של מרצ ריפו את ידי המחוקקים של מרצ היא מופרכת״.",,,,,,,אילן ברוך/לשעבר שגריר ישראל בדרום אפריקה,נעמי חזן/לשעבר נשיאת הקרן החדשה לישראל,ישראל כהן/יועץ פוליטי וראש המכון לחקר קרקעות בקק״ל,אילן ברוך/לשעבר שגריר ישראל בדרום אפריקה,"יוסי שריד/לשעבר יו""ר מרצ",,,,,,,,
תמר זנדברג,מרצ,38,גרושה,1,"דירה בתל אביב (בשכירות, 8,500 שקל בחודש)",חשפה את הונה. חסכונות: כ-400 אלף שקל,"הצביעה בעד שלוש מההצעות, נעדרה מההצבעה לחקיקת חוק שיאפשר תיעוד חופשי של ישיבות מועצה","תמר זדנברג- העוזרת הפרלמנטרית לשעבר של ח""כ רן כהן, שכיהנה כחברת מועצת העיר תל אביב, נלחמה בכנסת להפעלת תחבורה ציבורית בשבת וקידמה את המאבק להכבדת המיסוי על טייקוני הגז. יחד עם יו""ר מרצ זהבה גלאון קראה ליועץ המשפטי לממשלה ולמבקר המדינה לחקור את פרשת בנק לאומי ארה""ב. היא פוקדת תכופות את הוועדות והמליאה. בפריימריס הריצה את בן זוגה אורי זכי לרשימת מרצ (שהגיע לבסוף למקום העשירי)",,,,,,,"מיקי גיצין/מנכ""ל תנועת ישראל חופשית",רלוקה גנאה/יועצת קמפיינים,אלון קסטיאל/איש עסקים,,,,,,,,,,
מיכל רוזין,מרצ,45,נשוי,3,בית בפתח תקווה,"לא חשפה את הונה השלם. הסכימה לחשוף את נכסי הנדל״ן שברשותה:
בית מגוריה","תמכה בשתי הצעות, ונעדרה משתיים (תיעוד חופשי של ישיבות מועצה וגילויי אינטרסים של נבחרי ציבור)","בזכות נוכחות מרשימה ופעילות נמרצת למען שוויון בתעסוקה ונגד הריכוזיות, התבלטה רוזין בקדנציה הראשונה שלה בכנסת ואף זכתה באות הפרלמנטר המצטיין לשנת 2013. רוזין, לשעבר מנכ״לית איגוד מרכזי הסיוע לנפגעי תקיפה מינית, עמדה בראש ועדת הכנסת לטיפול בסוגיית העובדים הזרים ופעלה להגנה עליהם ועל מבקשי מקלט.",,,,,,,רמי שדה/יועץ לענייני סביבה,"ליאור רייטבלט/מנכ""ל סופר-פארם",עופר שטרית/מייסד ומנהל חברת ההפקות כפיים,,,,,,,,,,
עיסווי פריג',מרצ,51,נשוי,7,בית בכפר קאסם,חשף את הונו. שלושה נכסים בכפר קאסם: 1.63 מיליון שקל; חסכונות ורכב: 735 אלף שקל,"תמך בשתי הצעות, נעדר משתיים (תיעוד חופשי של ישיבות מועצה וגילויי אינטרסים של נבחרי ציבור)","פריג' הוא רואה חשבון במקצועו, מייסד הפורום לעידוד יזמות עסקית יהודית–ערבית. הוא דוגל בשקיפות שלטונית, אך לא השכיל לייצר בריתות ולהילחם למען האוכלוסייה הערבית ־ משימה שאינה פשוטה עבור חבר כנסת במפלגת אופוזיציה.",,,,,,,בשאר עיראקי/יועץ תקשורת ויועץ פוליטי,גלעד היימן/יועץ אסטרטגי,ישראל כהן/ראש המכון לחקר קרקעות בקק״ל,,,,,,,,,,
אילן גילאון,מרצ,58,נשוי,4,בית פרטי באשדוד,"חשף את הונו. ביתו מוערך ב-3 מיליון שקל; בבעלותו גם דירה ברובע י""ג באשדוד (ירושה) שערכה כ-900 אלף שקל; חסכונות: כ-650 אלף שקל. מכונית ונכסים שונים: כ-200 אלף שקל נוספים",תמך בשלושה חוקים (יזם את החוק לחשיפת תיקי המניות). נעדר מההצבעה לחקיקת חוק שיאפשר תיעוד חופשי של ישיבות מועצה,"גילאון הוא ממתנגדיה החריפים של המדיניות הכלכלית שמוביל נתניהו, ניסה לקדם שורה של חוקים להגברת התחרות, להגבלת עמלות העיזבון בבנק ואף לחשיפת תיקי המניות של חברי הכנסת וכן להגדלת קיצבאות הילדים. הקואליציה חשבה אחרת וגנזה את הצעות החוק של גילאון בזו אחר זו. אם מרצ תשתלב בממשלה הבאה, ישאף גילאון לקבל לידיו תפקיד ביצועי שיאפשר לו לעסוק בנושאי צדק חלוקתי.",,,,,,,"ירון קידר/עו""ד/לשעבר רשם העמותות",יאיר צבן/לשעבר שר הקליטה מטעם מרצ,"תומר רזניק/יו""ר צעירי מרצ",,,,,,,,,,
